time,theta_raw_rad,theta_raw_deg,theta_clean_rad,omega_clean_rad_s,alpha_clean_rad_s2,quality
0.0,1.0476310160671627,60.02483570765056,1.0471975511965976,0.0,-16.98561605204533,1
0.004166666666666667,1.0469294544719165,59.98463918917449,1.0470501128365868,-0.07076840833406996,-16.98272958203534,1
0.008333333333333333,1.0471730545562183,59.998596445894016,1.046607839680354,-0.14151865828711185,-16.976899493664735,1
0.0125,1.0471999272299735,60.00013613668441,1.0458708329499486,-0.2122384752532776,-16.968120450131998,1
0.016666666666666666,1.044634907709958,59.85317134381885,1.0448392450771369,-0.28291555366054494,-16.956383240005408,1
0.020833333333333332,1.0433089568066618,59.77719995321842,1.04351327984663,-0.3535375423238345,-16.941674799316004,1
0.025,1.0432713158003502,59.77504328242014,1.0418931926393356,-0.4240920271445255,-16.923978242398423,1
0.029166666666666667,1.0406490038686083,59.624795876164534,1.0399792907277148,-0.4945665154600094,-16.90327290095286,1
0.03333333333333333,1.037362239895951,59.43647817227562,1.0377719335853681,-0.5649484221072799,-16.879534370987,1
0.0375,1.0357450063723725,59.343817516887505,1.0352715334148557,-0.6352250505669855,-16.85273456988949,1
0.041666666666666664,1.0320741473046278,59.1334927851184,1.0324785555322065,-0.7053835808336326,-16.82284179982166,1
0.04583333333333333,1.0289870930304772,58.95661760408175,1.0293935189116923,-0.7754110544174724,-16.78982082074026,1
0.05,1.0262281488692928,58.79854174773362,1.0260169969540711,-0.8452943564648385,-16.753632933819233,1
0.05416666666666667,1.0206799659893606,58.48065428474677,1.0223496179784928,-0.9150202050127082,-16.71423607003964,1
0.058333333333333334,1.016886791174549,58.263321376902745,1.0183920659497347,-0.9845751371812418,-16.671584889435852,1
0.0625,1.013654393030184,58.078118605524715,1.014145081466592,-1.053945492647612,-16.625630891435467,1
0.06666666666666667,1.0087256005821226,57.79571960015484,1.0096094624729475,-1.123117402422318,-16.576322530639317,1
0.07083333333333333,1.0050602975241998,57.58571320429947,1.0047860649932299,-1.192076778798021,-16.523605341249862,1
0.075,0.9988834038214057,57.23180326462843,0.9996758043116669,-1.260809300331796,-16.467422074852472,1
0.07916666666666666,0.9930471886238217,56.89741276547676,0.9942796561051419,-1.3293003992657508,-16.40771284640326,1
0.08333333333333333,0.9898776767849693,56.71581311399377,0.9885986569501951,-1.3975352562853602,-16.344415282036127,1
0.0875,0.982436878769951,56.2894867915239,0.9826339057607741,-1.4654987866049993,-16.27746468577178,1
0.09166666666666666,0.9764454945922386,55.94620576469952,0.9763865651167504,-1.5331756296601093,-16.206794213956076,1
0.09583333333333333,0.96861453477561,55.49752481767016,0.9698578621186721,-1.6005501427380284,-16.132335053319814,1
0.1,0.962574025824352,55.151429148652085,0.9630490893710492,-1.6676063945851844,-16.054016609182373,1
0.10416666666666667,0.956058404828862,54.77811156470367,0.9559616066085982,-1.7343281548071707,-15.97176670983046,1
0.10833333333333334,0.9475924107987362,54.29304583739452,0.9485968421785026,-1.8006988883201993,-15.885511818214296,1
0.1125,0.9412841519471187,53.93160922912079,0.9409562935764512,-1.8667017531962762,-15.795177241578104,1
0.11666666666666667,0.932517372893085,53.42930978940097,0.9330415290307824,-1.932319594282819,-15.7006873616946,1
0.12083333333333333,0.9245996383026706,52.975657014065476,0.9248541891197396,-1.9975349379698746,-15.601965874291963,1
0.125,0.915870900139754,52.47553715685559,0.9163959882154752,-2.062329992388408,-15.498936034931997,1
0.12916666666666665,0.9092851325532507,52.09820046929489,0.9076687149041235,-2.1266866471464074,-15.391520900960314,1
0.13333333333333333,0.8986624554227864,51.48956590258914,0.8986742339733643,-2.190586469961187,-15.279643600082892,1
0.1375,0.8884914610295181,50.906810850403645,0.8894144879417486,-2.2540107070847357,-15.163227601500225,1
0.14166666666666666,0.8806093042427349,50.455196533060565,0.8798914983946484,-2.3169402897258244,-15.042196992079205,1
0.14583333333333334,0.869041979275596,49.79243763218721,0.870107366342799,-2.379355835108495,-14.916476747592124,1
0.15,0.8602465422407087,49.28849621111511,0.8600642743696895,-2.441237648278814,-14.785993032761656,1
0.15416666666666667,0.8480543532659449,48.58993523983521,0.8497644880616783,-2.502565727359004,-14.650673498967123,1
0.15833333333333333,0.8380512962136797,48.01680228851183,0.8392103571952962,-2.5633197777184664,-14.51044758435839,1
0.1625,0.8285761098480245,47.47391409965989,0.8284043160112515,-2.6234792141218346,-14.365246807635135,1
0.16666666666666666,0.8179933188917691,46.867564842397236,0.817348885229926,-2.6830231689929698,-14.21500508872583,1
0.17083333333333334,0.8061962205260955,46.191640895543465,0.8060466734890831,-2.7419305007873027,-14.059659066434095,1
0.175,0.7943994560628017,45.515736079886814,0.7945003782278992,-2.8001798182960678,-13.899148411331861,1
0.17916666666666667,0.7824500233663978,44.83108401880724,0.7827127859102956,-2.857749484376628,-13.733416132776103,1
0.18333333333333332,0.7693965197086863,44.083173351361786,0.7706867735484388,-2.9146176298414024,-13.562408904676126,1
0.1875,0.7577971277743306,43.41857714860512,0.7584253103512256,-2.970762164862651,-13.386077394548273,1
0.19166666666666665,0.7455294748716962,42.71569241275275,0.7459314580324756,-3.026160813224906,-13.204376572790167,1
0.19583333333333333,0.7341308841930075,42.06260127446673,0.7332083710208309,-3.0807911208827687,-13.017266020184934,1
0.2,0.7205591608349814,41.28499880533272,0.7202592973088293,-3.134630470997775,-12.824710241884423,1
0.20416666666666666,0.7055490374932629,40.424982087881446,0.7070875802710606,-3.187656103337888,-12.626678992644198,1
0.20833333333333334,0.6939794749027299,39.76209498063146,0.6936966582867864,-3.2398451523349037,-12.423147564955418,1
0.2125,0.6797540170912916,38.947036286394635,0.6800900647755093,-3.291174665124591,-12.214097078182526,1
0.21666666666666667,0.6656807027069733,38.140694768412445,0.6662714285911996,-3.3416216150726386,-11.999514766526062,1
0.22083333333333333,0.6527782637740601,37.401439472131244,0.6522444755142275,-3.3911629314604363,-11.779394275559197,1
0.225,0.6389127441643904,36.607003717741286,0.6380130273516882,-3.4397755383013098,-11.553735912865985,1
0.22916666666666666,0.6243936967688305,35.7751235794253,0.6235810015519834,-3.487436380078472,-11.322546896295183,1
0.23333333333333334,0.608220055934559,34.84844222026109,0.6089524113805923,-3.53412243758451,-11.085841599936662,1
0.2375,0.5938615280285825,34.02575917122782,0.5941313667309084,-3.5798107631673557,-10.843641796946011,1
0.24166666666666667,0.579411154444918,33.19781375249651,0.5791220725664457,-3.624478524681688,-10.595976850047927,1
0.24583333333333332,0.5647801519612066,32.35951906013442,0.563928828237703,-3.66810302982062,-10.342883901246926,1
0.25,0.5481378690476891,31.405986487727187,0.5485560274547459,-3.7106617506070103,-10.084408055951457,1
0.25416666666666665,0.532846140085054,30.529834956710232,0.5330081581064874,-3.7521323608135355,-9.820602546792886,1
0.2583333333333333,0.5163243405225915,29.583205571820038,0.51728979991891,-3.7924927849265204,-9.551528841755152,1
0.2625,0.5003617366503919,28.668615739903814,0.5014056238566106,-3.831721215263329,-9.277256762976629,1
0.26666666666666666,0.48606945424859144,27.849728278671552,0.48536039170567874,-3.8697961480558942,-8.997864587231398,1
0.2708333333333333,0.4703424968586457,26.94863999564558,0.46915895416135056,-3.906696427127907,-8.713439098704441,1
0.275,0.4527434079728353,25.94028647921305,0.4528062486586522,-3.942401280682081,-8.424075614433791,1
0.2791666666666667,0.4371830462968177,25.04874342748013,0.4363072986358029,-3.9768903449054687,-8.129878011959262,1
0.2833333333333333,0.4199827989744739,24.063241849328634,0.41966721200792856,-4.010143705370649,-7.830958718361196,1
0.2875,0.40232820466562585,23.05170810641596,0.4028911778550017,-4.042141942358997,-7.527438642222862,1
0.2916666666666667,0.3862998424138338,22.133350596881467,0.3859844652529158,-4.072866151409722,-7.219447119635647,1
0.29583333333333334,0.37029461161915295,21.21631842221344,0.36895242151410795,-4.102297982196829,-6.907121823353714,1
0.3,0.35176920442144693,20.154890776023606,0.3518004685384678,-4.130419681764994,-6.590608611259718,1
0.30416666666666664,0.3358995100771126,19.24562426793062,0.33453410090639285,-4.157214118279585,-6.27006138129271,1
0.30833333333333335,0.31487272494123836,18.04087822291661,0.31715888382270674,-4.18266481492065,-5.945641897342489,1
0.3125,0.30039769440478015,17.211520064854568,0.2996804491631934,-4.2067559899856795,-5.6175195536216,1
0.31666666666666665,0.2821804559392637,16.167749186397096,0.2821044930420155,-4.229472580786203,-5.285871142265812,1
0.3208333333333333,0.26417584020419177,15.13616069302264,0.26443677334185645,-4.250800274015776,-4.950880594879851,1
0.325,0.24676318176973971,14.138488854625662,0.24668310538600316,-4.270725541225538,-4.6127386640140795,1
0.32916666666666666,0.22711487821083456,13.012723986108522,0.22884935929433833,-4.28923566011216,-4.271642613050554,1
0.3333333333333333,0.21074975702609708,12.07507161100293,0.21094145691193888,-4.306318742220327,-3.9277958746532224,1
0.3375,0.19327700671608036,11.073956761753072,0.1929653672074232,-4.321963761955321,-3.5814076575951845,1
0.3416666666666667,0.1762168094632753,10.09647946150666,0.1749271036094575,-4.336160574336285,-3.2326925701567903,1
0.3458333333333333,0.15638044396684286,8.959939437682154,0.1568327200530381,-4.3488999395751895,-2.8818701986167605,1
0.35,0.13798276284797828,7.90582995674369,0.13868830661556816,-4.360173543582344,-2.5291646594074413,1
0.3541666666666667,0.12006212094331464,6.87905280944118,0.12049998656609578,-4.369974013075233,-2.1748041619201075,1
0.35833333333333334,0.10307275057667979,5.905633590848375,0.1022739115299983,-4.378294934713187,-1.8190205190894808,1
0.3625,0.0843031474139923,4.8302145464909785,0.08401625794983497,-4.385130867052551,-1.4620486697648165,1
0.36666666666666664,0.06527092004371378,3.7397482434406504,0.06573322303380233,-4.390477353174333,-1.1041261791157368,1
0.37083333333333335,0.047878930540304475,2.7432606475594685,0.047431020207750085,-4.3943309309836085,-0.7454927192926675,1
0.375,0.02920059170009697,1.6730706637002977,0.029115875556802444,-4.3966891400996335,-0.386389561412261,1
0.37916666666666665,0.011639325249638122,0.6668842131843177,0.01079402303125071,-4.397550528147827,-0.027059037123152913,1
0.3833333333333333,-0.00814095616941419,-0.4664424297084227,-0.007528299268815559,-4.396914653609717,0.33225598275115586,1
0.3875,-0.026130792790746427,-1.4971841422406484,-0.025844853626132258,-4.39478208716893,0.6913126277145468,1
0.39166666666666666,-0.044491585660306664,-2.549180082180346,-0.04414940674550315,-4.391154410525405,1.0498685574430138,1
0.3958333333333333,-0.06371289177731221,-3.650479799413756,-0.06243573405245924,-4.386034213149631,1.4076824947066795,1
0.4,-0.08043921017129978,-4.608827250181281,-0.08069762386213451,-4.379425086588216,1.7645147516706314,1
0.4041666666666667,-0.09870106777472865,-5.655154616926647,-0.0989288814761901,-4.371331617102624,2.1201277487509387,1
0.4083333333333333,-0.11711887111040403,-6.7104170159628165,-0.11712333344313249,-4.36175937522098,2.474286528558993,1
0.4125,-0.13547954736761755,-7.7624062745072075,-0.13527483147460698,-4.35071490460185,2.826759253249122,1
0.4166666666666667,-0.1546124005605335,-8.858638012504693,-0.15337725658127474,-4.3382057070571305,3.177317694224149,1
0.42083333333333334,-0.17179160536156546,-9.842933942994705,-0.17142452306829697,-4.324240227308756,3.525737705600424,1
0.425,-0.1897096569958876,-10.869562678738852,-0.18941058216049897,-4.308827834845154,3.8717996751626926,1
0.42916666666666664,-0.2080295453287939,-11.91921496136534,-0.2073294263357026,-4.291978803261157,4.215288972079858,1
0.43333333333333335,-0.22531584066027516,-12.909646727275915,-0.22517509232502544,-4.273704290867281,4.5559963507278995,1
0.4375,-0.24258906464631297,-13.899329560260021,-0.24294166553615887,-4.254016313737812,4.893718361801239,1
0.44166666666666665,-0.25897727527953895,-14.838304863315289,-0.26062328299357995,-4.232927724917934,5.228257714424351,1
0.4458333333333333,-0.2780617889830202,-15.931766952584349,-0.2782141368647625,-4.210452185309632,5.559423627051323,1
0.45,-0.29548372313365656,-16.929970250370648,-0.29570847824905205,-4.186604135522347,5.887032160283479,1
0.45416666666666666,-0.31316558582812665,-17.943066356693603,-0.3131006195108875,-4.161398770692564,6.210906498534428,1
0.4583333333333333,-0.33205938194110296,-19.025601132947827,-0.3303849381761299,-4.134852003811855,6.530877235900803,1
0.46249999999999997,-0.3475790172958787,-19.914810738358494,-0.3475558795746761,-4.106980439719569,6.846782613870269,1
0.4666666666666667,-0.36455539838083106,-20.887485725931985,-0.364607959154463,-4.077801342756689,7.158468727178013,1
0.4708333333333333,-0.37938618187674644,-21.737227027120213,-0.38153576613357887,-4.0473325971933045,7.465789728025085,1
0.475,-0.39850183195333483,-22.832473099157657,-0.39833396534394766,-4.015592681607754,7.768607971678428,1
0.4791666666666667,-0.41473414970096906,-23.7625163978124,-0.41499729939968705,-3.9826006316983364,8.066794141603365,1
0.48333333333333334,-0.4315508836333618,-24.726044277332946,-0.43152059189983427,-3.948375999283364,8.360227367014769,1
0.4875,-0.4489186127054352,-25.721141852889414,-0.44789874872282487,-3.9129388268570846,8.648795281129198,1
0.49166666666666664,-0.4631294587983898,-26.535363357325686,-0.4641267598423996,-3.8763096078480386,8.932394062979832,1
0.49583333333333335,-0.4795435167036083,-27.47581959997805,-0.4801997020623528,-3.8385092446013287,9.210928470333236,1
0.5,-0.4954224343399997,-28.38561456377913,-0.49611273993821786,-3.7995590236546244,9.484311817253856,1
0.5041666666666667,-0.5126547172578768,-29.37295164634887,-0.5118611269947518,-3.7594805765289117,9.752465932894749,1
0.5083333333333333,-0.5262160390981472,-30.149958152414946,-0.5274402080708512,-3.7182958353288003,10.015321116561013,1
0.5125,-0.5440687658312332,-31.172844047021155,-0.5428454199978179,-3.676027010536409,10.272816043226413,1
0.5166666666666666,-0.5575601626954548,-31.94584414707709,-0.5580722921217298,-3.6326965538851734,10.524897645070103,1
0.5208333333333334,-0.5712049149789382,-32.72763086542218,-0.573116448118399,-3.588327113094403,10.771520994404838,1
0.525,-0.5888380126877087,-33.73793294387653,-0.587973606676002,-3.54294151014427,11.01264914971952,1
0.5291666666666667,-0.6031337694205121,-34.557019469611895,-0.6026395814241052,-3.4965627087179545,11.248252971231198,1
0.5333333333333333,-0.6170233196101946,-35.35283207481584,-0.6171102818314389,-3.4492137735532005,11.47831093557788,1
0.5375,-0.6318210794841547,-36.20068126184179,-0.6313817140907567,-3.4009178406801457,11.702808935141258,1
0.5416666666666666,-0.646803189970399,-37.05909296090228,-0.6454499808472802,-3.351698095285596,11.921740044974895,1
0.5458333333333333,-0.6592514483999824,-37.77232563120556,-0.6593112808827487,-3.3015777393515573,12.13510427604894,1
0.55,-0.6738889447638401,-38.610992395492694,-0.672961909890806,-3.2505799512830356,12.342908333568433,1
0.5541666666666667,-0.6859849731323916,-39.30404376988121,-0.686398260493747,-3.1987278730435933,12.545165354042169,1
0.5583333333333333,-0.7004191702291859,-40.131062344187505,-0.6996168212236855,-3.1460445822724425,12.741894616664236,1
0.5625,-0.7112616033680977,-40.75228800269994,-0.7126141762959725,-3.092553062371011,12.933121259171203,1
0.5666666666666667,-0.7260705231940318,-41.60077660787357,-0.7253870057526141,-3.038276173656528,13.118875992328507,1
0.5708333333333333,-0.738213136748657,-42.29649711681194,-0.7379320850560692,-2.983236643654354,13.299194801256203,1
0.575,-0.7495363557930503,-42.94526977855784,-0.7502462834912885,-2.927457041833852,13.474118624293842,1
0.5791666666666666,-0.763400695548574,-43.739637932284786,-0.7623265638002199,-2.870959753817303,13.64369304697352,1
0.5833333333333334,-0.7739714856504561,-44.34529959124129,-0.7741699818892168,-2.813766961938113,13.80796799475457,1
0.5875,-0.7846329889280974,-44.95615873231503,-0.7857736861708882,-2.7559006373808126,13.96699741954687,1
0.5916666666666667,-0.7985377092892111,-45.75284052431647,-0.797134915533526,-2.6973825205322335,14.120838966415207,1
0.5958333333333333,-0.8080898752501016,-46.30013931908402,-0.8082509986872041,-2.638234101757729,14.269553660712532,1
0.6,-0.8188925630271501,-46.91908773610646,-0.819119353548596,-2.57847660682333,14.413205597208753,1
0.6041666666666666,-0.8290552174655124,-47.50136494407451,-0.829737486629508,-2.518130992798116,14.551861631746574,1
0.6083333333333333,-0.8411824336999179,-48.19620325154848,-0.8401029905704325,-2.4572179340689995,14.68559105088971,1
0.6125,-0.851365859059053,-48.77967054561342,-0.8502135432826504,-2.395757811328674,14.814465267628375,1
0.6166666666666667,-0.8596114270075127,-49.252106788748506,-0.8600669069486642,-2.333770700189374,14.938557519516502,1
0.6208333333333333,-0.8694017596137904,-49.81305152711754,-0.8696609276325843,-2.2712763698617815,15.057942579940905,1
0.625,-0.8787749363890942,-50.35009499697249,-0.8789935326386562,-2.208294276342275,15.172696445966205,1
0.6291666666666667,-0.8877603963157042,-50.86492392775117,-0.8880627294128723,-2.1448435576742972,15.282896052761945,1
0.6333333333333333,-0.897460037756308,-51.42067244508796,-0.8968666042369828,-2.0809430278129777,15.388618991939122,1
0.6375,-0.90520064234688,-51.86417641900733,-0.9054033219326495,-2.0166111761613164,15.489943249429432,1
0.6416666666666666,-0.9134153694959573,-52.334845614500985,-0.9136711234762586,-1.9518661678031257,15.586946924997495,1
0.6458333333333334,-0.9222917137710597,-52.84342267896947,-0.9216683245580172,-1.8867258433881462,15.67970797151272,1
0.65,-0.9277651187988932,-53.157025686630014,-0.9293933142148564,-1.8212077195902951,15.76830394319576,1
0.6541666666666667,-0.9364310572360801,-53.65354738460102,-0.9368445544647928,-1.7553289894438218,15.852811763747646,1
0.6583333333333333,-0.9450601867055601,-54.147960084074185,-0.9440205782847246,-1.6891065275211246,15.933307483359437,1
0.6625,-0.9503470368896186,-54.4508742865387,-0.9509199879989442,-1.622556894372113,16.009866049440813,1
0.6666666666666666,-0.9583920242146854,-54.91181810650127,-0.9575414539994702,-1.5556963426081698,16.08256109003062,1
0.6708333333333333,-0.9631968534266065,-55.18711454162552,-0.9638837143179596,-1.4885408186830646,16.151464715321477,1
0.675,-0.9689345074239024,-55.51585789997694,-0.9699455728015389,-1.4211059719245942,16.216647312276173,1
0.6791666666666667,-0.9764420780615363,-55.9460100119097,-0.9757258976331293,-1.3534071630373141,16.27817735220949,1
0.6833333333333333,-0.9803829159316035,-56.17180338960988,-0.9812236202011251,-1.2854594742029488,16.33612121121539,1
0.6875,-0.986077515358817,-56.49807990280683,-0.9864377346720409,-1.2172777123171703,16.39054300675422,1
0.6916666666666667,-0.9906499134072252,-56.76005901323447,-0.991367296229294,-1.1488764221733618,16.441504428677543,1
0.6958333333333333,-0.9943561557935391,-56.972411059822754,-0.9960114199323409,-1.080269898185749,16.489064585876022,1
0.7,-1.0005834213633402,-57.329207094879486,-1.0003692798348645,-1.0114721960419841,16.53327986435426,1
0.7041666666666666,-1.0050978673601627,-57.587865797337145,-1.0044401084721932,-0.9424971383651654,16.574203797532142,1
0.7083333333333334,-1.0089994430534102,-57.811409618011055,-1.0082231952763618,-0.8733583317994725,16.61188693400709,1
0.7125,-1.012429814598827,-58.007955429725214,-1.0117178858216131,-0.8040691813237457,16.646376722527236,1
0.7166666666666667,-1.014990865216577,-58.15469282124166,-1.0149235812821675,-0.7346428997880471,16.677717407284547,1
0.7208333333333333,-1.0175420263389299,-58.30086358641033,-1.0178397375994415,-0.6650925204385795,16.705949928437423,1
0.725,-1.020224406245941,-58.45455263413276,-1.0204658645188551,-0.5954309142774556,16.73111182957419,1
0.7291666666666666,-1.0220796715107292,-58.56085150368235,-1.0228015250713804,-0.52567080556649,16.753237177749476,1
0.7333333333333333,-1.0248349889108062,-58.71871956192572,-1.024846335201919,-0.45582478021666867,16.77235649272728,1
0.7375,-1.0253315151446032,-58.74716841953981,-1.0265999629164198,-0.3859053053070697,16.788496679429265,1
0.7416666666666667,-1.0282930845698475,-58.9168538483413,-1.0280621279134523,-0.315924746034026,16.801680973031637,1
0.7458333333333333,-1.0268588059144665,-58.83467573474227,-1.0292326013228774,-0.2458953757934923,16.811928892644296,1
0.75,-1.0295652074376402,-58.9897411196879,-1.0301112051996761,-0.17582939477137974,16.819256200325576,1
0.7541666666666667,-1.0314458233779513,-59.09749247595275,-1.0306978122995607,-0.10573894714327522,16.823674870471308,1
0.7583333333333333,-1.0319268759327556,-59.12505475706702,-1.0309923459314518,-0.03563613710019721,16.825193067450552,1
0.7625,-1.0305737430610207,-59.04752595439619,-1.0309947796708228,0.03446696852741102,16.82380324932426,1
0.7666666666666666,-1.0309001459033647,-59.066227459683574,-1.030705137835384,0.10455808336849245,16.819432245956904,1
0.7708333333333334,-1.0295004133130505,-58.98602868981166,-1.0301234962871892,0.17462474266775618,16.812064151193546,1
0.775,-1.028837005235377,-58.94801820686609,-1.0292499829700332,0.2446544460609344,16.80169202387403,1
0.7791666666666667,-1.0281483331926486,-58.9085602053491,-1.0280847779768232,0.31463465578013694,16.788305205638924,1
0.7833333333333333,-1.0273670806482145,-58.86379773181916,-1.0266281137249396,0.38455278267037957,16.771889347073106,1
0.7875,-1.0262022288424204,-58.797056639588966,-1.0248802752556472,0.45439616860396986,16.752426442887582,1
0.7916666666666666,-1.0232312582912717,-58.626832565950494,-1.022841600487624,0.5241520742341337,16.72989487424589,1
0.7958333333333333,-1.019765131683245,-58.428238140052564,-1.0205124806167978,0.593807662644495,16.704269460446454,1
0.8,-1.0177065285721598,-58.31028887009489,-1.0178933606093095,0.6633499831202265,16.675521519395016,1
0.8041666666666667,-1.0160718517377656,-58.21662878661629,-1.0149847395723508,0.7327659603006356,16.643618934570306,1
0.8083333333333333,-1.0116360425411532,-57.962475640925085,-1.011787171409041,0.8020423774106564,16.608526233004213,1
0.8125,-1.0079650126451238,-57.75214112141625,-1.008301265492195,0.8711658612986896,16.570204671462015,1
0.8166666666666667,-1.005298998247923,-57.59938974833553,-1.0045276871289257,0.9401228731705602,16.528612328369697,1
0.8208333333333333,-1.0003330079741313,-57.31485946454425,-1.0004671584362177,1.0088996926861824,16.483704208359136,1
0.825,-0.9960696625730958,-57.0705877664584,-0.9961204592626083,1.0774824034437456,16.435432355565613,1
0.8291666666666666,-0.9924858574030996,-56.86525085562046,-0.9914884276556174,1.1458568860488016,16.383745970193253,1
0.8333333333333334,-0.9862597325800295,-56.508520180536905,-0.9865719609530343,1.2140088034774614,16.32859154027082,1
0.8375,-0.9808826400865911,-56.20043547461141,-0.9813720169055592,1.281923588320369,16.26991298223979,1
0.8416666666666667,-0.9749444738248907,-55.860203609768995,-0.975889614332952,1.349586435501041,16.20765178484731,1
0.8458333333333333,-0.9692062183450101,-55.53142578900402,-0.9701258341186242,1.4169822926353135,16.141747165247303,1
0.85,-0.9652840638600009,-55.306702890414684,-0.9640818205362649,1.484095848307414,16.072136237457954,1
0.8541666666666666,-0.9585771891556625,-54.92242727613304,-0.9577587824179542,1.5509115237202757,15.998754187693049,1
0.8583333333333333,-0.9507085406111245,-54.47158692405926,-0.9511579936699586,1.6174134692155302,15.921534450765362,1
0.8624999999999999,-0.9438324320939052,-54.077614926548634,-0.9442807949186006,1.6835855531690869,15.840408907971936,1
0.8666666666666667,-0.936679130961791,-53.66776096209234,-0.937128594858332,1.7494113561508138,15.755308090228167,1
0.8708333333333333,-0.9263407286667918,-53.075414143680526,-0.9297028711521516,1.8148741675433648,15.666161384498379,1
0.875,-0.921506975385778,-52.79846048147091,-0.9220051713397773,1.8799569822252078,15.572897248538847,1
0.8791666666666667,-0.9130461466760802,-52.313690705222115,-0.9140371146407636,1.9446424930181618,15.475443444606466,1
0.8833333333333333,-0.9049678697631797,-51.85083953237494,-0.9058003933553191,2.008913090957714,15.373727276592984,1
0.8875,-0.8967283273678742,-51.37874852800483,-0.8972967734705728,2.072750865096837,15.267675825576356,1
0.8916666666666666,-0.8888032203221662,-50.92467334209636,-0.8885280960047037,2.1361376009075546,15.157216201828946,1
0.8958333333333334,-0.8788339531751195,-50.35347640973216,-0.8794962787660646,2.1990547775686107,15.042275809651354,1
0.9,-0.8708777349279494,-49.89761868328434,-0.8702033177011438,2.2614835751781217,14.922782614242958,1
0.9041666666666667,-0.86085795054735,-49.32352732664489,-0.8606512873264701,2.323404876365799,14.798665404071215,1
0.9083333333333333,-0.8512659018781636,-48.77394342101643,-0.8508423422792247,2.384799268586691,14.669854073504892,1
0.9125,-0.8407072703683255,-48.168978398068866,-0.840778719033552,2.4456470460119286,14.536279913991711,1
0.9166666666666666,-0.8284428163958066,-47.466276947411075,-0.830462737048204,2.505928224682658,14.397875903186721,1
0.9208333333333333,-0.8215262953965328,-47.06998948523908,-0.8198967991156022,2.5656225457671695,14.254576988964661,1
0.9249999999999999,-0.8084845178253732,-46.32275067306326,-0.8090833928177431,2.6247094827681456,14.106320392014494,1
0.9291666666666667,-0.7994324523722507,-45.80410552672316,-0.7980250922796793,2.6831682474555,13.953045916747499,1
0.9333333333333333,-0.78713639719907,-45.09959346063991,-0.7867245589539148,2.740977813775489,13.794696251773233,1
0.9375,-0.7742342532684235,-44.36035506674353,-0.7751845419338554,2.7981169239820893,13.631217266822912,1
0.9416666666666667,-0.7633517841226027,-43.736835514006664,-0.7634078790214258,2.854564099511392,13.462558321190306,1
0.9458333333333333,-0.7523380083623039,-43.10579264643805,-0.7513974986187518,2.9102976522434916,13.288672584949385,1
0.95,-0.7397806402069552,-42.38630844934459,-0.7391564199630395,2.965295715384404,13.109517336160051,1
0.9541666666666666,-0.7260946924629228,-41.60216140497494,-0.7266877533783254,3.0195362558609338,12.925054257697134,1
0.9583333333333334,-0.7146320659878062,-40.94540128581584,-0.713994700864298,3.0729970853205164,12.73524973676412,1
0.9625,-0.7008916622188597,-40.15813414104956,-0.7010805579729811,3.1256558807495023,12.540075180231547,1
0.9666666666666667,-0.6879089445627131,-39.41427921274238,-0.6879487134953388,3.1774902172968824,12.339507293453071,1
0.9708333333333333,-0.6751712780204837,-38.68446467902764,-0.6746026494468407,3.22847759007404,12.133528358335136,1
0.975,-0.6591749971924408,-37.76794529967474,-0.6610459413593107,3.2785954247638975,11.922126510143347,1
0.9791666666666666,-0.646729061025363,-37.05484568521196,-0.6472822597318866,3.32782110660429,11.70529602416467,1
0.9833333333333333,-0.6350826395764633,-36.38755488975937,-0.6333153692784868,3.3761320157086327,11.48303755991832,1
0.9874999999999999,-0.618986416366476,-35.46530923372658,-0.6191491284513398,3.423505554866535,11.255358399651534,1
0.9916666666666667,-0.6053650072132487,-34.68485997822579,-0.6047874895754816,3.469919162897334,11.022272686179514,1
0.9958333333333333,-0.5894906112421031,-33.77532408675967,-0.5902344996594006,3.5153503488448585,10.78380165885745,1
1.0,-0.5761859037801969,-33.013020501536225,-0.5754942989663975,3.559776732958747,10.539973840111431,1
1.0041666666666667,-0.5606712466847525,-32.12409612937457,-0.5605711202509716,3.6031760724231185,10.290825218435325,1
1.0083333333333333,-0.5450286041809683,-31.227838733475778,-0.5454692887159132,3.6455262832498003,10.036399427922714,1
1.0125,-0.5294377079964786,-30.3345461832779,-0.5301932219292042,3.6868054761277738,9.776747910247366,1
1.0166666666666666,-0.5157948837530726,-29.552869933491973,-0.5147474275379235,3.7269920037320317,9.511930021243781,1
1.0208333333333333,-0.49942841001859006,-28.61514006299441,-0.49913650262271936,3.766064478166161,9.242013147384109,1
1.025,-0.48377960128891656,-27.71852936837664,-0.48336513331658315,3.804001804410709,8.967072806559264,1
1.0291666666666666,-0.46800823037948863,-26.814896378131017,-0.4674380930690917,3.840783222006883,8.687192704673075,1
1.0333333333333332,-0.4498195909554703,-25.772764104049507,-0.4513602404197803,3.8763883421600345,8.402464761916354,1
1.0375,-0.43478310508333506,-24.911236924868067,-0.4351365182966665,3.910797169372889,8.112989144134835,1
1.0416666666666667,-0.41987228147237465,-24.056909662896018,-0.41877195264793904,3.9439901409454157,7.818874258972708,1
1.0458333333333334,-0.401470663531432,-23.00257461866779,-0.40227164918417563,3.9759481714531786,7.520236694302702,1
1.05,-0.3837888615525406,-21.989481991091242,-0.3856407921965142,4.0066526726929474,7.217201170696368,1
1.0541666666666667,-0.36798364702864766,-21.083909904573307,-0.3688846429391016,4.036085590457552,6.909900461137057,1
1.0583333333333333,-0.35333443656509217,-20.244571971812693,-0.35200853614200156,4.06422944644885,6.598475251651072,1
1.0625,-0.3354404519751365,-19.2193221761361,-0.3350178780290436,4.091067362267029,6.283074005179634,1
1.0666666666666667,-0.3168125559016529,-18.152022349917175,-0.3179181444458295,4.116583090920317,5.963852802490774,1
1.0708333333333333,-0.3013324352002502,-17.265076767373703,-0.3007148770907064,4.140761055955132,5.640975122727776,1
1.075,-0.28302637548022214,-16.216216805901656,-0.28341368099549563,4.163586375650932,5.3146116231655665,1
1.0791666666666666,-0.26534422654306916,-15.203104299081057,-0.26602022227958977,4.185044891212678,4.984939899907623,1
1.0833333333333333,-0.2493491234261044,-14.286652397602428,-0.24854022399279935,4.205123201701087,4.652144188510618,1
1.0875,-0.23103140907737377,-13.237124675093932,-0.23097946340478875,4.22380868539199,4.3164150694145045,1
1.0916666666666666,-0.2161723085455314,-12.385760927258769,-0.2133437691944532,4.241089525842018,3.9779491491188836,1
1.0958333333333332,-0.1965329638236287,-11.260509362291215,-0.19563901696572758,4.256954740781848,3.636948687777497,1
1.1,-0.17809153384435417,-10.203893256292755,-0.17787112655297985,4.271394199726786,3.293621241187283,1
1.1041666666666667,-0.16113495467012928,-9.232352834630243,-0.16004605842631436,4.284398647296584,2.9481792660822634,1
1.1083333333333334,-0.14074526164464754,-8.064109478702807,-0.14216980924466657,4.295959724431682,2.6008396910039404,1
1.1125,-0.12549644288504533,-7.190416521217686,-0.12424840909432425,4.306069982691463,2.2518235035571457,1
1.1166666666666667,-0.10667192815006568,-6.111851275521523,-0.10628791689266015,4.3147229033035766,1.9013552867362085,1
1.1208333333333333,-0.088180324071934,-5.0523604054176765,-0.08829441674891403,4.321912909576382,1.5496627605970368,1
1.125,-0.06901626605811241,-3.954340762881836,-0.070274014273875,4.327635379075957,1.1969763111043938,1
1.1291666666666667,-0.05348585807894702,-3.0645139315593615,-0.05223283197180453,4.331886654585628,0.8435284909405283,1
1.1333333333333333,-0.033161954054335946,-1.9000400077201989,-0.034177005915083714,4.334664050996584,0.48955353726004786,1
1.1375,-0.016103751011463597,-0.9226769672863947,-0.01611268104183106,4.33596586215105,0.13528685599445128,1
1.1416666666666666,0.0010974645808529133,0.06288008864796583,0.001953992460732655,4.335791364160802,-0.2190354769934211,1
1.1458333333333333,0.020420124902033564,1.1699869740165167,0.020016863546493617,4.334140817323766,-0.5731772325176854,1
1.15,0.038243496575320876,2.191190947588904,0.038069784220532144,4.3310154656673685,-0.926902535871879,1
1.1541666666666666,0.055582825761104515,3.1846613295223163,0.05610661379772748,4.326417534395057,-1.2799763801381923,1
1.1583333333333332,0.0741821366415614,4.250323344824247,0.07412122283116976,4.320350225207452,-1.63216512975415,1
1.1625,0.09177124774590474,5.258105176489811,0.09210749729180173,4.312817709614906,-1.9832370238223598,1
1.1666666666666667,0.1101584050569611,6.311611687656456,0.11005934248532323,4.303825119930761,-2.332962667189214,1
1.1708333333333334,0.12854850517922867,7.365286809485407,0.1279706871617865,4.293378538618511,-2.6811155164047142,1
1.175,0.14721954801531173,8.435058763100937,0.14583548724362502,4.281484985283039,-3.027472347527309,1
1.1791666666666667,0.1625675322321833,9.314433482761077,0.16364773003152053,4.26815240173379,-3.3718137208257777,1
1.1833333333333333,0.18326286029005434,10.500188436115764,0.18140143751792046,4.253389636054356,-3.7139244141702585,1
1.1875,0.19738715281077485,11.309450786161243,0.19909067078025877,4.237206422383154,-4.0535938616132405,1
1.1916666666666667,0.21657707542069354,12.408952360892258,0.21670953290388473,4.219613363518362,-4.390616546798911,1
1.1958333333333333,0.23476557678845789,13.45107672493308,0.23425217317349334,4.200621905524703,-4.72479240210274,1
1.2,0.25195800194334556,14.436130125902695,0.25171279028018034,4.180244317214206,-5.055927169587338,1
1.2041666666666666,0.26854222756689167,15.386336260624603,0.26908563541046454,4.158493664573883,-5.383832738902322,1
1.2083333333333333,0.2861833953537055,16.397100720491178,0.28636501627947525,4.13538378185618,-5.708327481282317,1
1.2125,0.30311507490390355,17.36721449878549,0.30354529938016384,4.110929249168021,-6.029236527642092,1
1.2166666666666666,0.3201065958314169,18.34075693544022,0.3206209136066115,4.0851453580632375,-6.346392048815638,1
1.2208333333333332,0.3383277709207673,19.38475336582891,0.33758635322452407,4.058048084760416,-6.6596335000185,1
1.225,0.3547477347393278,20.32554799238994,0.3544361799537929,4.02965406147589,-6.968807824524606,1
1.2291666666666667,0.3705603488439128,21.2315440436517,0.3711650265367108,3.9999805378280375,-7.273769659758256,1
1.2333333333333334,0.3885526478275202,22.26242683914992,0.3877675988386781,3.9690453554408225,-7.574381492093911,1
1.2375,0.40450684718945346,23.176535128099008,0.40423867776799854,3.936866914299156,-7.8705137832915915,1
1.2416666666666667,0.42128247853716183,24.13770800299006,0.420573122520238,3.903464131901472,-8.16204509574992,1
1.2458333333333333,0.4373153268956828,25.05632254750656,0.4367658720778285,3.8688564185715224,-8.448862162296512,1
1.25,0.4520885121658444,25.902763713451655,0.4528119467870042,3.8330636414086365,-8.730859932768228,1
1.2541666666666667,0.46821760101744614,26.826892432039944,0.46870645119538035,3.7961060816225265,-9.007941618649074,1
1.2583333333333333,0.48509671184199715,27.7939942442203,0.48444457514757217,3.758004410999737,-9.280018684319373,1
1.2625,0.5005542433922409,28.679645563739577,0.5000215948528366,3.718779655605563,-9.54701081473096,1
1.2666666666666666,0.5154146351820603,29.53108329520709,0.5154328752637398,3.678453151678628,-9.808845883318293,1
1.2708333333333333,0.5307762584161227,30.411239472988974,0.5306738709590484,3.6370465235426277,-10.0654598736865,1
1.275,0.5468550995903402,31.332489211732806,0.5457401266319073,3.594581648790272,-10.316796773804843,1
1.2791666666666666,0.5601110353954998,32.0919983868648,0.5606272788202888,3.551080615220514,-10.56280847143183,1
1.2833333333333332,0.5758084893685036,32.99139624861879,0.5753310568369808,3.506565696539243,-10.803454618212445,1
1.2875,0.5896708363791,33.78565022647176,0.5898472827545156,3.461059323251535,-11.038702460515468,1
1.2916666666666667,0.6039819094973271,34.6056143164493,0.604171872183128,3.4145840441100868,-11.268526666837392,1
1.2958333333333334,0.6192596990376447,35.480967177398604,0.6183008353470509,3.367162493596926,-11.492909144865617,1
1.3,0.6329505885980544,36.2653973669898,0.6322302769485728,3.3188173724091894,-11.711838825342117,1
1.3041666666666667,0.6466663168919873,37.05125071118032,0.6459563958097417,3.269571416214384,-11.925311429287726,1
1.3083333333333333,0.6606147308980458,37.850435964628645,0.6594754857230533,3.2194473557701158,-12.133329242299915,1
1.3125,0.6728022648925244,38.548730225184485,0.6727839355829214,3.1684679027124134,-12.335900867863444,1
1.3166666666666667,0.6864733447451346,39.33202540212538,0.6858782285104917,3.1166557237303283,-12.533040955195627,1
1.3208333333333333,0.6984841827694982,40.02019572933666,0.6987549415926002,3.0640334117610517,-12.724769928651698,1
1.325,0.711693634650297,40.777041571787585,0.7114107461415418,3.0106234558243674,-12.911113717761038,1
1.3291666666666666,0.7237288361466245,41.46660782311668,0.7238424073864904,2.9564482318809944,-13.092103473459556,1
1.3333333333333333,0.7361314279351218,42.17722398762118,0.7360467829876082,2.9015299780634556,-13.267775261453268,1
1.3375,0.7485401952015666,42.88819398094856,0.7480208227185541,2.8458907696795825,-13.438169769550665,1
1.3416666666666666,0.7590475360086034,43.490220263097356,0.7597615682551205,2.789552498798215,-13.60333201374741,1
1.3458333333333332,0.7730921049527688,44.29491478867854,0.7712661525933915,2.7325368666864276,-13.763311037554699,1
1.35,0.7816538823538036,44.78546849888832,0.7825317981357767,2.6748653642595417,-13.91815959129336,1
1.3541666666666667,0.7924962366775135,45.406689641622314,0.7935558161291819,2.616559252833106,-14.067933831184085,1
1.3583333333333334,0.8053462485304096,46.14294108748635,0.8043356061381234,2.5576395494373605,-14.212693019851073,1
1.3625,0.8155595114553664,46.72811794814381,0.8148686554266233,2.498127022347338,-14.352499227522312,1
1.3666666666666667,0.8256971839377119,47.30896379546812,0.8251525366509866,2.438042177120578,-14.487417012584531,1
1.3708333333333333,0.8357332419863394,47.883987564602776,0.8351849070875003,2.377405244789341,-14.617513126892295,1
1.375,0.8449528204559634,48.412230499801915,0.8449635077814096,2.316236170785907,-14.742856223794265,1
1.3791666666666667,0.8537031609334748,48.91358807846581,0.8544861630839917,2.2545546132793755,-14.863516575934899,1
1.3833333333333333,0.8638169300686295,49.49306436487985,0.8637507781122045,2.1923799358045017,-14.979565770928337,1
1.3875,0.872164402718221,49.97133931730233,0.8727553377899374,2.1297312017963135,-15.09107643386745,1
1.3916666666666666,0.882348858214165,50.55486563385873,0.8814979057166995,2.06662716820066,-15.198121953576134,1
1.3958333333333333,0.8898482920442334,50.98455154105928,0.8899766238190622,2.0030862850770914,-15.300776225257763,1
1.4,0.8974693276972006,51.421204719493026,0.8981897098997011,1.9391266950497492,-15.399113373699299,1
1.4041666666666666,0.9058549943962101,51.90166802974968,0.9061354564515169,1.8747662325870096,-15.493207499954652,1
1.4083333333333332,0.9141725801002988,52.37823058633231,0.9138122294271909,1.8100224234600006,-15.583132434984172,1
1.4125,0.9207265254077642,52.753743991609646,0.9212184678838023,1.7449124851942048,-15.66896151147742,1
1.4166666666666667,0.9276351591067388,53.149579544762744,0.9283526817607229,1.6794533319803224,-15.750767321291555,1
1.4208333333333334,0.9354261077978697,53.59596802316752,0.9352134505885928,1.6136615782488446,-15.828621492510814,1
1.425,0.9420131959762761,53.973380375070725,0.9417994223151177,1.5475535433293621,-15.902594476215299,1
1.4291666666666667,0.9476669215242446,54.29731498749461,0.9481093129007816,1.481145253159981,-15.972755350314438,1
1.4333333333333333,0.9537308458029166,54.64475225594942,0.9541419042697193,1.4144524496556745,-16.039171613006037,1
1.4375,0.9600985449074307,55.00959453984732,0.9598960431356339,1.3474905981643026,-16.101908995049403,1
1.4416666666666667,0.9641069480126774,55.239259120365084,0.9653706399929625,1.280274895549094,-16.16103128245105,1
1.4458333333333333,0.9693364247755146,55.5388860679374,0.9705646686237855,1.2128202738078693,-16.216600153202165,1
1.45,0.9748502033591088,55.85480230994696,0.9754771642167479,1.1451414135160574,-16.268675007326582,1
1.4541666666666666,0.9799209546780766,56.14533495948421,0.9801072224568954,1.0772527545911377,-16.31731281634943,1
1.4583333333333333,0.9847253168333788,56.4206046342354,0.9844539987989266,1.0091685049377368,-16.362567983087207,1
1.4625,0.9898041988720007,56.71160313969324,0.9885167076907238,0.94090264861297,-16.404492209190106,1
1.4666666666666666,0.9930430703888037,56.89717680799119,0.9922946211744892,0.8724689609608839,-16.443134364509707,1
1.4708333333333332,0.9956474954614932,57.04639937271435,0.9957870681589263,0.8038810227751209,-16.478540372043447,1
1.475,0.9989768392298519,57.237156719189485,0.9989934340018092,0.7351522269281365,-16.51075310409564,1
1.4791666666666667,1.0010382875337565,57.355269006687614,1.0019131594467994,0.6662957936251068,-16.53981227986127,1
1.4833333333333334,1.0045295841031954,57.55530556514497,1.0045457398620923,0.59732478626779,-16.565754374319475,1
1.4875,1.0066388226094027,57.676156029537125,1.006890724792577,0.5282521236771448,-16.588612538266965,1
1.4916666666666667,1.0092293425113148,57.824581886661335,1.008947717439555,0.45909059089605087,-16.608416525380424,1
1.4958333333333333,1.0099944787258963,57.86842096250947,1.0107163739078646,0.3898528573871134,-16.62519262482409,1
1.5,1.0126496182026996,58.020549248548875,1.0121964028710864,0.32055149245534614,-16.638963605876754,1
1.5041666666666667,1.0147251323141655,58.139467447455715,1.0133875652838988,0.25119897487910847,-16.649748670534596,1
1.5083333333333333,1.014194762725159,58.109079508423555,1.0142896738594356,0.18180771184552014,-16.657563411477618,1
1.5125,1.015253152499855,58.16972077559343,1.0149025928901307,0.11239005503386092,-16.66241978106442,1
1.5166666666666666,1.0158285023468951,58.20268589357233,1.0152262380984844,0.04295831595545911,-16.664326068095008,1
1.5208333333333333,1.0149104453935434,58.15008510479264,1.015260576306584,-0.026475240149591572,-16.663279870343704,1
1.525,1.0152011834456902,58.166743168124505,1.0150056258638624,-0.09589815318378582,-16.659211178903746,1
1.5291666666666666,1.0144724463355195,58.12498960733716,1.0144614573928008,-0.16529777360508086,-16.652098880846772,1
1.5333333333333332,1.0137134328708102,58.08150133921572,1.0136281943948011,-0.2346614081963182,-16.641936726310554,1
1.5375,1.0118314350191404,57.97367080526235,1.0125060133130608,-0.3039763301157287,-16.628714890281078,1
1.5416666666666667,1.0111165328658136,57.932709929111915,1.0110951437037607,-0.37322976443019074,-16.612419997780954,1
1.5458333333333334,1.0098304539969707,57.85902303780625,1.0093958685043938,-0.4424088720145775,-16.593035157765584,1
1.55,1.0086748859636019,57.79281386655399,1.0074085242698372,-0.5115007375564382,-16.570540004274505,1
1.5541666666666667,1.0059706232973962,57.63787102908561,1.0051335015807206,-0.5804923528624085,-16.544910747213383,1
1.5583333333333333,1.0044502516125708,57.55076014825392,1.002571245448583,-0.6493706031522262,-16.51612023080688,1
1.5625,0.9990526186376073,57.24149855942787,0.9997222557115848,-0.7181222552129598,-16.484137999709528,1
1.5666666666666667,0.9973483310552633,57.143850073883,0.9965870876930699,-0.7867339406433445,-16.448930375887404,1
1.5708333333333333,0.9933263487977232,56.913407465249456,0.993166352714856,-0.8551921441121536,-16.41046054177545,1
1.575,0.991371682208151,56.801413319311735,0.9894607186504271,-0.9234831921673933,-16.36868863180269,1
1.5791666666666666,0.9847655374711969,56.42290910703171,0.9854709107920805,-0.9915932376883454,-16.323571835451638,1
1.5833333333333333,0.9804649170038926,56.17650170496759,0.9811977125512409,-1.059508248465792,-16.27506450655534,1
1.5875,0.9761188972935303,55.92749311788316,0.9766419660522921,-1.127213998606582,-16.22311827948319,1
1.5916666666666666,0.9699511245172552,55.57410576880691,0.971804573185167,-1.1946960543882723,-16.167682198691296,1
1.5958333333333332,0.9662276888042798,55.360768617165135,0.9666864966136409,-1.2619397626819397,-16.10870285607028,1
1.6,0.9606262920343983,55.03983222287272,0.9612887602545753,-1.3289302457539147,-16.04612453052132,1
1.6041666666666667,0.9557436938808779,54.76007995561763,0.9556124505434503,-1.395652388480146,-15.979889344777611,1
1.6083333333333334,0.9499569559733233,54.42852429636638,0.9496587176225394,-1.462090828815219,-15.909937429758797,1
1.6125,0.9450660439833315,54.14829568136992,0.9434287760596204,-1.5282299522980516,-15.836207091859569,1
1.6166666666666667,0.937753307092719,53.72930672084821,0.9369239058294295,-1.5940538852556214,-15.758634991499228,1
1.6208333333333333,0.9296420103335908,53.26456365017202,0.9301454537464958,-1.6595464854431414,-15.677156335320053,1
1.625,0.9223108200148733,52.84451738610233,0.9230948347180359,-1.724691337266128,-15.591705074586594,1
1.6291666666666667,0.9162028126658264,52.49455434376706,0.9157735322060028,-1.7894717499097021,-15.50221410232428,1
1.6333333333333333,0.9070309790289103,51.96904698597564,0.908183099846744,-1.8538707501183338,-15.40861547225849,1
1.6375,0.9019234121051692,51.67640495766466,0.9003251628262358,-1.9178710789918807,-15.310840622919741,1
1.6416666666666666,0.8932306746260067,51.178347787693454,0.8922014189541714,-1.9814551920294465,-15.2088206058845,1
1.6458333333333333,0.8834042062100257,50.61533261993914,0.8838136392049967,-2.044605258595705,-15.102486314956362,1
1.65,0.8736686777996656,50.057527930695805,0.8751636697027776,-2.1073031576270345,-14.99176874054656,1
1.6541666666666666,0.867434909468984,49.70035931488544,0.8662534329399351,-2.169530481350768,-14.876599221754253,1
1.6583333333333332,0.8569849737756599,49.101622103474845,0.857084928646879,-2.231268539038497,-14.75690970082406,1
1.6624999999999999,0.8487404329881039,48.62924471232442,0.8476602344791624,-2.2924983583428906,-14.632632981574439,1
1.6666666666666667,0.8365901075055034,47.93308234246116,0.8379815081220447,-2.3532006855683703,-14.503703012167506,1
1.6708333333333334,0.8275279349271648,47.41385810050317,0.8280509883074028,-2.4133559965294755,-14.37005515947312,1
1.675,0.8178755715070243,46.86081841420266,0.8178709955157709,-2.4729445037966924,-14.231626484459753,1
1.6791666666666667,0.8074849309634998,46.26547856462119,0.807443932661213,-2.5319461604980673,-14.088356021824838,1
1.6833333333333333,0.7963795310189773,45.62918601799523,0.79677228723532,-2.590340666039375,-13.940185083296134,1
1.6875,0.7864021711278053,45.05752540554796,0.7858586320245409,-2.6481074835780345,-13.787057545092447,1
1.6916666666666667,0.7737739510873385,44.333981694466694,0.7747056256700526,-2.7052258521318464,-13.62892013596865,1
1.6958333333333333,0.7631917636378607,43.7276670155953,0.7633160131779064,-2.7616747920796434,-13.46572272660051,1
1.7,0.7517976057663783,43.0748298584536,0.7516926280239213,-2.817433117755572,-13.297418642458846,1
1.7041666666666666,0.7402873250966774,42.415339355068724,0.7398383925239551,-2.8724794595336505,-13.123964952798486,1
1.7083333333333333,0.7283773192964019,41.732946288736606,0.7277563181649604,-2.9267922833798066,-12.9453227584553,1
1.7125,0.7144680705330915,40.93600503840136,0.7154495059035458,-2.9803498968052238,-12.761457478226838,1
1.7166666666666666,0.7015823808445764,40.1977094031342,0.7029211480136183,-3.0331304691518466,-12.572339155239334,1
1.7208333333333332,0.6912895115448053,39.607971433177546,0.690174528178878,-3.0851120566037236,-12.37794273459839,1
1.7249999999999999,0.6775030200705512,38.81806365740969,0.6772130213875734,-3.13627263028024,-12.178248333302204,1
1.7291666666666667,0.6633869163652015,38.00927049192417,0.6640400940886896,-3.1865900827977183,-11.97324150959289,1
1.7333333333333334,0.6520129410353578,37.357589709238205,0.6506593055767736,-3.2360422551172308,-11.762913544041295,1
1.7375,0.6371752529183413,36.50745280240175,0.6370743077568688,-3.284606965488136,-11.547261688726788,1
1.7416666666666667,0.6243179754237889,35.77078506593536,0.6232888444877183,-3.332262043065158,-11.326289400620496,1
1.7458333333333333,0.6093656726301385,34.91408122185752,0.6093067516398109,-3.378985336742198,-11.100006577537323,1
1.75,0.5969302997712969,34.20158684037436,0.5951319579541553,-3.4247547471809967,-10.86842979530957,1
1.7541666666666667,0.582300308002015,33.36335005768338,0.5807684841422468,-3.469548261894513,-10.631582505094965,1
1.7583333333333333,0.5660031796423065,32.42959338448912,0.5662204418478257,-3.5133439878259085,-10.389495214998325,1
1.7625,0.5523398891888931,31.646744507247142,0.5514920335883488,-3.556120165845926,-10.142205674432168,1
1.7666666666666666,0.537150749725274,30.776470921546164,0.5365875529636017,-3.5978552063921296,-9.88975904715487,1
1.7708333333333333,0.5227057390660124,29.948832775748986,0.5215113827197305,-3.6385277318843654,-9.632208032042454,1
1.775,0.5054259392164663,28.9587731735392,0.5062679937873094,-3.678116600280292,-9.369612983377074,1
1.7791666666666666,0.49146063782436916,28.158620344143863,0.4908619449836148,-3.716600931193905,-9.102042024304197,1
1.7833333333333332,0.4762215315941462,27.28548387360057,0.47529788198518336,-3.7539601437972805,-8.829571128470246,1
1.7874999999999999,0.45804574504172096,26.244088014815965,0.4595805347778668,-3.7901739994012513,-8.55228415478761,1
1.7916666666666667,0.4426821291541612,25.363817666398653,0.44371471700157467,-3.825222618299669,-8.270272895482295,1
1.7958333333333334,0.4259257591802248,24.40374838693236,0.4277053249659512,-3.8590865172094615,-7.983637096321321,1
1.8,0.4113222329418322,23.567027967463904,0.41155733475625383,-3.8917466518720416,-7.692484420588773,1
1.8041666666666667,0.39590197436687996,22.683512232118723,0.3952758006225886,-3.9231844412326153,-7.396930413835925,1
1.8083333333333333,0.38017690765327283,21.78253227686738,0.37886585379829124,-3.953381797585846,-7.097098453266972,1
1.8125,0.3623973595227811,20.763839207340492,0.36233269962893777,-3.9823211672944274,-6.793119642706667,1
1.8166666666666667,0.34710285014529885,19.887528370287498,0.3456816149693297,-4.009985560601874,-6.485132688987616,1
1.8208333333333333,0.3277135810596426,18.776605083835914,0.32891794678251385,-4.036358576416216,-6.173283776998994,1
1.825,0.31056062747856045,17.793813237456096,0.31204710907793043,-4.061424440345608,-5.857726389847784,1
1.8291666666666666,0.29502610518394373,16.903750673222675,0.29507457969582634,-4.0851680348328525,-5.538621102620608,1
1.8333333333333333,0.2783410589275918,15.947767941753154,0.27800589859623476,-4.107574921468957,-5.21613538129537,1
1.8375,0.26081813282666444,14.943778231450384,0.26084666437678206,-4.128631375618436,-4.890443324941996,1
1.8416666666666666,0.24179834724645097,13.854024790460372,0.24360253083345307,-4.148324412915454,-4.561725386374642,1
1.8458333333333332,0.2262014329445922,12.96038742753663,0.22627920485054248,-4.1666418103297245,-4.230168096445562,1
1.8499999999999999,0.2077440779535295,11.902858885574013,0.2088824423423123,-4.183572136582963,-3.8959637297150085,1
1.8541666666666667,0.1920024445139097,11.000929726841791,0.19141804496954434,-4.199104772724191,-3.5593099649750726,1
1.8583333333333334,0.1742117747368333,9.981599433904366,0.17389185741551197,-4.213229932391814,-3.2204095373429555,1
1.8625,0.15548956303590367,8.908895720290651,0.15630976287812132,-4.225938686061101,-2.8794698376076195,1
1.8666666666666667,0.13822924663679143,7.9199524375610775,0.13867768011802137,-4.237222976016718,-2.5367025250471498,1
1.8708333333333333,0.12007722166816172,6.879918017242505,0.12100155984009207,-4.247075634523286,-2.192323111620467,1
1.875,0.10323268246524857,5.9147970130729215,0.1032873802962283,-4.2554904001072895,-1.8465505168307308,1
1.8791666666666667,0.08637466327880265,4.948903662739005,0.08554114436290837,-4.262461928637542,-1.4996066388350293,1
1.8833333333333333,0.06690866667796923,3.8335842134952434,0.06776887492953029,-4.267985806807472,-1.1517158813633592,1
1.8875,0.05041647501771612,2.8886512364418864,0.04997661145376657,-4.272058560335334,-0.8031046941820733,1
1.8916666666666666,0.0317076688745888,1.816715604712263,0.03217040594080793,-4.274677661955709,-0.4540010945474535,1
1.8958333333333333,0.013664406739102757,0.7829128357007078,0.014356318812732288,-4.275841537023684,-0.1046341806037701,1
1.9,-0.0035529864282773235,-0.2035711270075514,-0.0034595848192372374,-4.275549566762458,0.2447663514056036,1
1.9041666666666666,-0.022174658678178062,-1.2705143544027477,-0.021271239324067524,-4.2738020899214835,0.5939707008815204,1
1.9083333333333332,-0.039555732623757923,-2.2663765348892713,-0.03907258245977353,-4.270600402062622,0.9427494519134768,1
1.9124999999999999,-0.05790290501110135,-3.3175920786830124,-0.056857559347975026,-4.265946753082794,1.2908740622082955,1
1.9166666666666667,-0.07290558041129065,-4.177182060518603,-0.07462012653459436,-4.2598443423320544,1.6381173504211632,1
1.9208333333333334,-0.09232348248700134,-5.289745896455146,-0.09235425574139408,-4.252297312317828,1.9842539723916601,1
1.925,-0.11066456376914326,-6.34061244562827,-0.11005393807041024,-4.243310739453904,2.329060899315019,1
1.9291666666666667,-0.12752645480247277,-7.306727636447538,-0.12771318750124455,-4.232890624371263,2.6723178735806803,1
1.9333333333333333,-0.1454240698426483,-8.332185441599462,-0.14532604512717587,-4.221043878132665,3.013807868604705,1
1.9375,-0.16307941489643663,-9.343762199028706,-0.16288658254350322,-4.207778309442347,3.3533175203996013,1
1.9416666666666667,-0.1798529442370525,-10.304814637784851,-0.18038890579064581,-4.1931026068720145,3.69063755629713,1
1.9458333333333333,-0.1971661088251037,-11.296785898695536,-0.19782715900758208,-4.177026322079235,4.025563203261845,1
1.95,-0.21565847720404632,-12.35632056001013,-0.2151955276184757,-4.159559850339742,4.357894570879844,1
1.9541666666666666,-0.23299073869443712,-13.349385992826647,-0.23248824248482258,-4.140714407598315,4.687437035245312,1
1.9583333333333333,-0.24993961035178713,-14.320484806301703,-0.24969958246536242,-4.120502011307743,5.014001573869185,1
1.9625,-0.2688326835477942,-15.40297816246465,-0.26682387837549526,-4.098935451969143,5.337405107182869,1
1.9666666666666666,-0.2851777695840372,-16.33948260811959,-0.2838555159424294,-4.076028271174247,5.657470800555791,1
1.9708333333333332,-0.2995961156299987,-17.165592984112322,-0.3007889384513833,-4.051794734919551,5.97402833888366,1
1.9749999999999999,-0.31618314546376475,-18.1159597882447,-0.31761865059824473,-4.026249801679231,6.286914201437598,1
1.9791666666666667,-0.33455654544253355,-19.16867806233391,-0.33433922050021425,-3.9994091000110266,6.595971879901404,1
1.9833333333333334,-0.3504421417536907,-20.078855686011803,-0.35094528262022184,-3.971288894379553,6.901052089865004,1
1.9875,-0.36715992391053104,-21.03671404641787,-0.36743154091023733,-3.941906053998697,7.2020129629039475,1
1.9916666666666667,-0.38110594000226883,-21.835761909495975,-0.38379277037146925,-3.911278027491289,7.498720186149775,1
1.9958333333333333,-0.3990468065275105,-22.863697842199862,-0.40002381994887337,-3.879422803871198,7.791047142031254,1
2.0,-0.41623124411677553,-23.848293589370716,-0.4161196149596475,-3.8463588831768543,8.078875016135528,1
2.0041666666666664,-0.4329090246790849,-24.80386002723636,-0.43207515833786314,-3.8121052481905604,8.362092860321287,1
2.0083333333333333,-0.4492874220777499,-25.742273073367915,-0.4478855332004978,-3.776681323222773,8.640597655808378,1
2.0125,-0.46336834928785414,-26.549050774137807,-0.46354590480555224,-3.740106945379501,8.914294342964679,1
2.0166666666666666,-0.47971156195485004,-27.485447883641417,-0.47905152141459384,-3.702402335656097,9.183095809464017,1
2.0208333333333335,-0.4956388668264619,-28.398015231802933,-0.49439771632490276,-3.663588057409225,9.44692287674919,1
2.025,-0.5101441508785843,-29.22910678862797,-0.5095799095943769,-3.623684986306916,9.705704260321127,1
2.029166666666667,-0.5255374371942516,-30.11107712735219,-0.5245936085101794,-3.5827142836943593,9.959376488172998,1
2.033333333333333,-0.5379621000412984,-30.82295787036097,-0.5394344088652733,-3.5406973572563567,10.207883813182251,1
2.0375,-0.5533286207805643,-31.703394654521155,-0.5540979966093269,-3.4976558265663495,10.451178113184156,1
2.0416666666666665,-0.5685871055139872,-32.57764143151108,-0.5685801480719344,-3.4536115013879236,10.689218749773964,1
2.0458333333333334,-0.5815852354043608,-33.322379415792334,-0.5828767303028219,-3.4085863474309335,10.921972412097047,1
2.05,-0.5969161859688434,-34.2007781790609,-0.5969837025541008,-3.362602445811513,11.14941296343488,1
2.0541666666666667,-0.6116487287843357,-35.04489070388439,-0.6108971165289063,-3.315681977215668,11.371521253806169,1
2.058333333333333,-0.6232839394940152,-35.71153917129443,-0.624613115997253,-3.267847191144472,11.588284908277693,1
2.0625,-0.6376576497743729,-36.535092106302734,-0.6381279375060911,-3.2191203698141213,11.799698120436588,1
2.0666666666666664,-0.6523430789457442,-37.37650521816062,-0.6514379109184119,-3.1695238046788585,12.005761432059307,1
2.0708333333333333,-0.664705560752379,-38.084823249988055,-0.6645394589210564,-3.1190797768043854,12.206481486405027,1
2.075,-0.678193217535487,-38.85760905918114,-0.6774290964598807,-3.0678105298312106,12.401870771356355,1
2.0791666666666666,-0.6913101516296098,-39.60915402292564,-0.6901034312195589,-3.0157382349338135,12.591947370403052,1
2.0833333333333335,-0.7017509211922247,-40.207366053732116,-0.7025591635753484,-2.962884980680698,12.77673469945091,1
2.0875,-0.7131268050529866,-40.859156187184766,-0.7147930854114153,-2.9092727503931655,12.956261220136671,1
2.091666666666667,-0.7280225600447681,-41.712620080874764,-0.7268020795960294,-2.8549233988941407,13.13056015872633,1
2.095833333333333,-0.7380918365988929,-42.28954713017615,-0.7385831199372773,-2.7998586261004594,13.299669228148623,1
2.1,-0.7507010636421383,-43.012002622676334,-0.7501332708878977,-2.744099970851589,13.463630344196133,1
2.1041666666666665,-0.7618747829086179,-43.65220957810963,-0.7614496858177812,-2.6876687910141865,13.622489318621962,1
2.1083333333333334,-0.7730465676130979,-44.29230569130514,-0.772529606390759,-2.6305862453756137,13.776295567915435,1
2.1125,-0.7841243362925973,-44.92701508306267,-0.7833703621107097,-2.5728732744057137,13.925101824261606,1
2.1166666666666667,-0.7939270268334665,-45.48866787892729,-0.7939693699417697,-2.5145505964389416,14.068963848739735,1
2.120833333333333,-0.8050492729730109,-46.12592564142886,-0.8043241322004507,-2.455638693062368,14.207940121694795,1
2.125,-0.8141962176430895,-46.65000696646404,-0.814432235747807,-2.396157797101932,14.342091554134761,1
2.1291666666666664,-0.8243351922262999,-47.230927418672415,-0.8242913512053067,-2.3361278787875546,14.471481202274733,1
2.1333333333333333,-0.8341077541208187,-47.790853970258716,-0.8338992326128672,-2.275568643843329,14.596173991938253,1
2.1375,-0.8440457138416536,-48.36025711923356,-0.8432537151379494,-2.2144995252784794,14.716236420970661,1
2.1416666666666666,-0.8528560419942733,-48.865051738503965,-0.852352714056797,-2.1529396769584745,14.83173628400493,1
2.1458333333333335,-0.8605350205205452,-49.30502479903093,-0.861194223722112,-2.090907965385455,14.942742402250282,1
2.15,-0.8693391845417489,-49.809466239586826,-0.8697763172519426,-2.0284229688471966,15.049324368436721,1
2.154166666666667,-0.8789502221782758,-50.36013813290121,-0.8780971442961821,-1.965502975610761,15.151552273218138,1
2.158333333333333,-0.8860682460212973,-50.76797085757983,-0.8861549298104642,-1.9021659821331824,15.249496451475306,1
2.1625,-0.8932922639602258,-51.18187659660723,-0.8939479729232221,-1.8384296909091349,15.343227236690218,1
2.1666666666666665,-0.9029314775274725,-51.73416285183571,-0.901474646592185,-1.774311510534402,15.432814732170995,1
2.1708333333333334,-0.9082592243053883,-52.03942025652471,-0.9087333955244533,-1.7098285591702327,15.518328568341532,1
2.175,-0.9163009831932285,-52.50017910065977,-0.9157227348784512,-1.6449976670254134,15.599837677608356,1
2.1791666666666667,-0.9219433078868524,-52.823460492246866,-0.9224412491605748,-1.5798353795178683,15.677410079458816,1
2.183333333333333,-0.9295536610984735,-53.25950161187659,-0.9288875918320904,-1.5143579586220304,15.751112681760857,1
2.1875,-0.9366355400993451,-53.66526338964886,-0.9350604833359998,-1.4485813907999172,15.821011071537631,1
2.1916666666666664,-0.9423790086458992,-53.99433989713254,-0.9409587099330493,-1.3825213933187899,15.88716932370436,1
2.1958333333333333,-0.9465391607020438,-54.232699052082296,-0.9465811227340382,-1.3161934210569366,15.94964982032148,1
2.2,-0.9516999865785232,-54.52839259360647,-0.951926637218351,-1.2496126696962542,16.00851308345987,1
2.2041666666666666,-0.9577833965102397,-54.8769463077418,-0.95699423138081,-1.182794087814802,16.063817600873673,1
2.2083333333333335,-0.9612256677861227,-55.074173923789004,-0.9617829448353263,-1.1157523864708268,16.115619671015747,1
2.2125,-0.9677418278881756,-55.44752239626818,-0.9662918781044489,-1.048502046932897,16.163973258276744,1
2.216666666666667,-0.9705778573493531,-55.6100149149684,-0.9705201918465806,-0.9810573281921813,16.208929855662944,1
2.220833333333333,-0.97552391645426,-55.89340322690182,-0.9744671054552178,-0.9134322809604758,16.250538348905895,1
2.225,-0.9787007306512846,-56.07542127268857,-0.978131896338058,-0.845640760611213,16.28884489632947,1
2.2291666666666665,-0.9814725363555385,-56.23423404117261,-0.9815138994993157,-0.7776964333057234,16.323892819862174,1
2.2333333333333334,-0.9853633587682153,-56.4571617442539,-0.9846125064605968,-0.7096127903189928,16.355722497024093,1
2.2375,-0.9877627525065052,-56.59463687884803,-0.9874271644863248,-0.6414031628614094,16.384371264279583,1
2.2416666666666667,-0.9890792199900637,-56.67006490952213,-0.9899573761280605,-0.5730807334920521,16.40987333163246,1
2.245833333333333,-0.9927061318168156,-56.8778716498611,-0.9922026986892574,-0.5046585463040384,16.43225970411514,1
2.25,-0.9934334644935526,-56.91954474254009,-0.9941627434379767,-0.4361495241717437,16.45155810851518,1
2.2541666666666664,-0.9968230304600133,-57.11375256679947,-0.9958371752502071,-0.3675664833856832,16.467792932356563,1
2.2583333333333333,-0.9967633709448069,-57.11033432837034,-0.9972257123095791,-0.29892214265719397,16.48098517094981,1
2.2625,-0.9970701195933418,-57.127909731302736,-0.9983281255345374,-0.2302291412576134,16.491152379327996,1
2.2666666666666666,-1.0013011550903381,-57.370330208250664,-0.9991442383670366,-0.16150005437313586,16.4983086354878,1
2.2708333333333335,-1.000369348883275,-57.31694164526185,-0.9996739265832009,-0.0927474032860465,16.502464511215642,1
2.275,-0.9994135275779729,-57.26217711849935,-0.9999171180100123,-0.02398367389948428,16.503627049542537,1
2.279166666666667,-1.0000509829979125,-57.29870062368963,-0.9998737924720409,0.044778648594193574,16.501779701076646,1
2.283333333333333,-0.9992200963007516,-57.25109432268875,-0.9995439821755275,0.11352687367621075,16.49685369964481,1
2.2875,-0.999454849139843,-57.2645446695974,-0.9989277726327698,0.182248141697803,16.488839833989477,1
2.2916666666666665,-0.9979497391426564,-57.17830821905566,-0.9980253029871566,0.25092957415128986,16.47773119821495,1
2.2958333333333334,-0.9969726201257915,-57.12232342330733,-0.9968367661093918,0.31955825592625453,16.463517458422892,1
2.3,-0.9943433266969482,-56.971676006733134,-0.9953624087930328,0.3881212213084433,16.446184880090684,1
2.3041666666666667,-0.9933805078891974,-56.91651055261319,-0.9936025319592627,0.4566054413611407,16.425716363129002,1
2.308333333333333,-0.991262877115095,-56.7951792466901,-0.9915574910159305,0.5249978074378756,16.402091486319414,1
2.3125,-0.989587126599639,-56.699165814637595,-0.9892276961410409,0.5932851202050339,16.375286558487847,1
2.3166666666666664,-0.9870391294180083,-56.553176329918934,-0.9866136127148442,0.6614540750585485,16.345274679061223,1
2.3208333333333333,-0.984093240099523,-56.384389305057056,-0.9837157618703274,0.7294912469869126,16.312025807681607,1
2.325,-0.9801904964272466,-56.16077856411423,-0.980534720858549,0.7973830813727931,16.275506839458902,1
2.3291666666666666,-0.9774385019760933,-56.003100896819724,-0.9770711237115877,0.8651158791956363,16.235681691426674,1
2.3333333333333335,-0.9730727857120391,-55.7529637803378,-0.973325661979156,0.9326757830843981,16.192511397710206,1
2.3375,-0.9674879562895043,-55.43297662512607,-0.9692990851512485,1.0000487697658873,16.145954209005605,1
2.341666666666667,-0.9642320018125128,-55.24642417530773,-0.9649922015260299,1.0672206361700471,16.095965705094333,1
2.345833333333333,-0.9606903883399805,-55.04350467066496,-0.960405879136215,1.1341769868638356,16.042498916065533,1
2.35,-0.9544927893684164,-54.68840840647972,-0.9555410462665442,1.2009032272490328,15.985504446870609,1
2.3541666666666665,-0.9507548053310451,-54.47423769725106,-0.9503986923882686,1.2673845526327905,15.924930614713787,1
2.3583333333333334,-0.9467584684607572,-54.245264461071045,-0.9449798692755306,1.3336059369532602,15.860723596700268,1
2.3625,-0.9401654130712979,-53.86751021315905,-0.9392856918078083,1.3995521255635817,15.792827581967504,1
2.3666666666666667,-0.9349499126071404,-53.56868404851431,-0.93331733867506,1.4652076294590763,15.721184930692742,1
2.370833333333333,-0.9273828071026969,-53.13512083997948,-0.9270760537196131,1.5305567145573513,15.64573634872572,1
2.375,-0.9205470740441695,-52.743462185847804,-0.9205631471121564,1.595583395510812,15.566421068382809,1
2.3791666666666664,-0.9123170283003146,-52.27191529952531,-0.913779995840439,1.660271433085691,15.483177029009271,1
2.3833333333333333,-0.9064427471241925,-51.93534378046037,-0.9067280450785467,1.7246043266822453,15.39594107595873,1
2.3875,-0.89960001079793,-51.54328386864467,-0.8994088095169012,1.7885653093001526,15.304649167055894,1
2.3916666666666666,-0.89110008147277,-51.056273792153526,-0.8918238743840734,1.8521373461777162,15.20923658302943,1
2.3958333333333335,-0.8859044755473038,-50.75858750061115,-0.8839748959798392,1.9153031336430753,15.109638139388819,1
2.4,-0.875657990995911,-50.171507180970345,-0.8758636034861423,1.9780450935175513,15.00578842150486,1
2.404166666666667,-0.8668190933632156,-49.66507565106872,-0.8674918001493332,2.040345375057276,14.897622019113587,1
2.408333333333333,-0.8601516739657475,-49.28306065935014,-0.8588613640525695,2.102185856958326,14.78507376255228,1
2.4125,-0.8489761352415837,-48.642749456670536,-0.8499742489359315,2.163548147827825,14.668078966060955,1
2.4166666666666665,-0.8405370922231236,-48.15922790858343,-0.8408324860639711,2.2244135847166726,14.546573690955892,1
2.4208333333333334,-0.8318005923458655,-47.65866333789998,-0.8314381852738001,2.284763242450149,14.420495004099523,1
2.425,-0.8212413291669312,-47.05366212297915,-0.8217935355174546,2.34457793774958,14.2897812353587,1
2.4291666666666667,-0.809919252546052,-46.404954917279035,-0.8119008058795624,2.4038382328896235,14.154372246171599,1
2.433333333333333,-0.8016036391298168,-45.928505364466396,-0.8017623473772689,2.46252443871758,14.01420971340376,1
2.4375,-0.7911639804501791,-45.33035698256604,-0.7913805937752877,2.5206166318385232,13.869237403754225,1
2.4416666666666664,-0.7811589299781784,-44.75710981670502,-0.7807580619705834,2.5780946607044277,13.719401446003214,1
2.4458333333333333,-0.7706389820925578,-44.15436120216139,-0.769897352973723,2.634938153070284,13.564650613984266,1
2.45,-0.7580765489754685,-43.4345868041368,-0.7588011536702651,2.691126523835346,13.404936622910624,1
2.4541666666666666,-0.7482193113087153,-42.86980868817446,-0.7474722372369563,2.746638999742076,13.240214407865283,1
2.4583333333333335,-0.7358510100864146,-42.16115722839013,-0.7359134634100517,2.8014546286125284,13.07044240122061,1
2.4625,-0.7245446139941126,-41.51334845079802,-0.7241277792369766,2.855552289661735,12.895582816600378,1
2.466666666666667,-0.7117002320334161,-40.77741957399614,-0.7121182207839113,2.9089107074281655,12.715601946003058,1
2.470833333333333,-0.6995967379234034,-40.08394044413096,-0.6998879130397231,2.9615084822053808,12.530470428259786,1
2.475,-0.6865346456054162,-39.33553768270004,-0.6874400700128291,3.013324104229806,12.340163517866447,1
2.4791666666666665,-0.6752230684864107,-38.687432054144274,-0.6747779952164517,3.0643359654961446,12.144661355865557,1
2.4833333333333334,-0.6621405934543244,-37.93786144922045,-0.6619050831448506,3.114522381072483,11.943949251021493,1
2.4875,-0.6496789511163037,-37.22386193745032,-0.648824818644331,3.1638616233405292,11.738017922851693,1
2.4916666666666667,-0.6359284957373278,-36.43601887785204,-0.6355407767256904,3.212331940999851,11.526863744884452,1
2.495833333333333,-0.6217273660650606,-35.622354083313134,-0.6220566228587121,3.259911573435936,11.310488987811468,1
2.5,-0.607715516770576,-34.819534255565806,-0.6083761139586049,3.306578777840947,11.088902064564953,1
2.5041666666666664,-0.5953078382169648,-34.10862664088889,-0.5945030971592338,3.3523118682643465,10.862117729889167,1
2.5083333333333333,-0.5796826350372902,-33.21336844465915,-0.5804415093623242,3.3970892349968684,10.630157281739162,1
2.5125,-0.5650123601703924,-32.37282361048906,-0.566195377375434,3.440889365089779,10.39304876022234,1
2.5166666666666666,-0.551408028105055,-31.59335280005073,-0.5517688181202508,3.4836908730526774,10.150827134598888,1
2.5208333333333335,-0.535528223404422,-30.683507011212452,-0.537166036720261,3.525472544701323,9.903534440353315,1
2.525,-0.5230665844844308,-29.969507695280992,-0.5223913260223945,3.566213352143369,9.651219925951409,1
2.529166666666667,-0.5085352326308715,-29.13692256345244,-0.5074490664997107,3.6058924831776253,9.39394018952108,1
2.533333333333333,-0.4938959513399041,-28.29815353037518,-0.4923437250991405,3.6444893780728895,9.131759280531814,1
2.5375,-0.47577430821465727,-27.259859861456274,-0.47707985316421814,3.6819837673384717,8.864748767227528,1
2.5416666666666665,-0.46109104419656416,-26.418570803743236,-0.46166208595733177,3.7183556883461257,8.592987813798683,1
2.5458333333333334,-0.4461436486615721,-25.5621481248755,-0.44609514188552085,3.7535855217345513,8.316563232330898,1
2.55,-0.43013950101951426,-24.645178010281338,-0.4303838197360926,3.787654033616113,8.03556947917885,1
2.5541666666666667,-0.41551517189373616,-23.807265673164007,-0.4145329974152116,3.8205423967865673,7.750108657675553,1
2.558333333333333,-0.3964133097146141,-22.71280958945974,-0.3985476309511882,3.852232221180853,7.46029050401583,1
2.5625,-0.3823199851142185,-21.90532157054918,-0.3824327518686578,3.8827055937278785,7.166232321656356,1
2.5666666666666664,-0.36609799984034747,-20.975870279032996,-0.3661934648078674,3.9119451076807765,6.86805889805147,1
2.5708333333333333,-0.34920159547709956,-20.00777762007246,-0.34983494633650536,3.939933886590028,6.565902420972359,1
2.575,-0.33294268253332726,-19.076210528923685,-0.33336244227464196,3.966655621766621,6.259902344495619,1
2.5791666666666666,-0.3165858888807451,-18.139035286264352,-0.3167812645490594,3.9920946039163323,5.950205223596519,1
2.5833333333333335,-0.3007866088173424,-17.233803219286195,-0.30009678972232096,4.016235744229493,5.6369645576840455,1
2.5875,-0.2829030222609915,-16.20914918705039,-0.2833144560185411,4.0390646087310795,5.320340583240483,1
2.591666666666667,-0.2647973835876263,-15.171772505677719,-0.2664397597909602,4.060567447705341,5.000500033839134,1
2.595833333333333,-0.24830415324107505,-14.226780016283241,-0.24947825372246196,4.08073121541296,4.677615911559018,1
2.6,-0.23104522571953567,-13.237916310376853,-0.23243554333121563,4.0995436010660775,4.351867204744735,1
2.6041666666666665,-0.21576340324295945,-12.362332379200875,-0.21531728340588274,4.116993053061919,4.023438584022122,1
2.6083333333333334,-0.19899276891915155,-11.401445812689449,-0.1981291757987956,4.133068797776015,3.6925201047991543,1
2.6125,-0.18098673509552474,-10.369776068825823,-0.18087696529994063,4.147760866232194,3.359306853792348,1
2.6166666666666667,-0.16351780724452705,-9.368880230345118,-0.16356643640426818,4.161060111765929,3.023998595168371,1
2.620833333333333,-0.14524854817978497,-8.322128791104275,-0.1462034104120207,4.172958228026672,2.6867994064148766,1
2.625,-0.13027069496935434,-7.463961015980129,-0.12879374095625082,4.183447769033225,2.3479172680808063,1
2.6291666666666664,-0.11000852670185168,-6.303024290468323,-0.11134331115932762,4.192522161540582,2.007563671192736,1
2.6333333333333333,-0.09399591762131841,-5.385569371160909,-0.09385802971760038,4.200175720441175,1.6659531908623775,1
2.6375,-0.07671635089773983,-4.395523126085156,-0.0763438268884889,4.206403660705316,1.3233030467018208,1
2.6416666666666666,-0.059689879014980456,-3.41997814720488,-0.05880665132887395,4.211202106539408,0.97983267014305,1
2.6458333333333335,-0.04269660045882724,-2.446335005847135,-0.04125246558019459,4.21456810082092,0.6357632370126162,1
2.65,-0.022968891015979816,-1.316020515311597,-0.023687242865764808,4.216499610456279,0.29131721936798527,1
2.654166666666667,-0.006052980764026092,-0.34681025125256754,-0.006116962760441433,4.21699553137335,-0.05328208965625529,1
2.658333333333333,0.010326689155091275,0.5916757049302481,0.011452392401214768,4.216055690762553,-0.39781103959375735,1
2.6625,0.02788467213009752,1.597674026160659,0.029014841562357282,4.213680847584639,-0.7420460964916669,1
2.6666666666666665,0.04627138127997558,2.6511548595832455,0.04656440870899717,4.2098726911742235,-1.0857643110218143,1
2.6708333333333334,0.06555162291680941,3.7558313333662263,0.06409512687166152,4.204633837752163,-1.4287437890678956,1
2.675,0.08137450562664536,4.6624157323703495,0.08160104181619518,4.197967825125321,-1.7707641523373394,1
2.6791666666666667,0.09776447638235568,5.601491883015395,0.09907621606535877,4.189879105355267,-2.1116069998388847,1
2.683333333333333,0.11630028116477154,6.663515266926231,0.1165147324438835,4.180373035669127,-2.451056352763511,1
2.6875,0.1336727019327615,7.658881656857477,0.13391069814475598,4.169455867243045,-2.7888991006139667,1
2.6916666666666664,0.14890477043588632,8.531614895340681,0.15125824800950569,4.15713473285018,-3.124925421559251,1
2.6958333333333333,0.16850416750185127,9.654577628221562,0.1685515487112346,4.143417631242562,-3.4589292082631875,1
2.7,0.18558327329531646,10.63313830804455,0.18578480169075084,4.128313412667741,-3.790708456234379,1
2.7041666666666666,0.20355980197923834,11.663117531929139,0.2029522473122716,4.111831758336198,-4.120065660759761,1
2.7083333333333335,0.22166168639800896,12.70027911035832,0.2200481678189283,4.093983163763273,-4.446808174890589,1
2.7125,0.23805000421922734,13.639260554833166,0.23706689076905557,4.07477891577667,-4.770748559257734,1
2.716666666666667,0.25376814301346023,14.53984356954356,0.2540027926620381,4.0542310702575834,-5.091704917292977,1
2.720833333333333,0.2698846753359616,15.463252852009063,0.27085030135426985,4.032352430841253,-5.409501188289095,1
2.725,0.28984958001544286,16.607157628524327,0.2876038999451837,4.009156519275725,-5.723967447968141,1
2.7291666666666665,0.304309807083407,17.435667610319506,0.3042581292508356,3.9846575540674327,-6.03494016192881,1
2.7333333333333334,0.3208197460135805,18.381617431037178,0.32080759041326284,3.9588704219122968,-6.342262420075741,1
2.7375,0.3372258953524126,19.321620546213605,0.3372469484625326,3.931810646090292,-6.645784166789367,1
2.7416666666666667,0.35374379560177166,20.26802651691997,0.3535709340381004,3.9034943641529964,-6.945362375014464,1
2.745833333333333,0.36964836794910694,21.179291387382758,0.36977434617398736,3.873938292938515,-7.240861217109978,1
2.75,0.3853514406047748,22.079011175939815,0.3858520551454577,3.8431596983062324,-7.5321522142683115,1
2.7541666666666664,0.401321779368611,22.994044184501806,0.40179900382204176,3.811176370020114,-7.819114336251341,1
2.7583333333333333,0.41758162767140505,23.92566486777486,0.4176102102917083,3.7780065832325698,-8.101634101170315,1
2.7625,0.4328065425511842,24.797988233832132,0.43328077012584326,3.7436690693730332,-8.37960564665731,1
2.7666666666666666,0.4481837820979468,25.67903916042329,0.4488058573962804,3.7081829893104636,-8.6529307567776,1
2.7708333333333335,0.4642736047815845,26.60091809330959,0.464180726886741,3.671567893564612,-8.921518888079673,1
2.775,0.4791782064143604,27.454888862191442,0.4794007160124387,3.633843692828949,-9.185287169557865,1
2.779166666666667,0.4957737269453428,28.40574214743944,0.4944612454664589,3.5950306318771488,-9.444160359887801,1
2.783333333333333,0.5070444132266785,29.05150490357597,0.5093578208030496,3.555149250673435,-9.698070800650937,1
2.7875,0.5250385536277841,30.082493204525164,0.5240860342090778,3.5142203520889255,-9.94695835365813,1
2.7916666666666665,0.5397289793189892,30.924192595881774,0.5386415648505176,3.4722649791592133,-10.190770295833905,1
2.7958333333333334,0.5512108053046096,31.58205276596146,0.5530201796163203,3.4293043799114353,-10.429461203034204,1
2.8,0.5669186834426582,32.48204788837746,0.5672177347837801,3.385359969631524,-10.662992832444298,1
2.8041666666666667,0.5809060329660846,33.283463982644115,0.5812301762704889,3.340453313687938,-10.891333966405707,1
2.808333333333333,0.593825253891152,34.02368081624758,0.5950535395578096,3.2946060961195753,-11.114460235730464,1
2.8125,0.6080051777639738,34.83613060797706,0.6086839508727446,3.247840081370728,-11.332353949738543,1
2.8166666666666664,0.6211484673969507,35.58918563286469,0.6221176276517757,3.2001770958993037,-11.54500390253627,1
2.8208333333333333,0.6368800224930511,36.490537345048764,0.6353508780618949,3.15163900372858,-11.752405152294973,1
2.825,0.6491966345115577,37.1962272316093,0.6483801010765481,3.1022476761149442,-11.954558798948765,1
2.8291666666666666,0.6623114282917205,37.947649564397054,0.6612017871403126,3.052024960875069,-12.151471761518009,1
2.8333333333333335,0.6744422956333065,38.64269706490301,0.6738125179514456,3.000992670986809,-12.343156533838174,1
2.8375,0.6852236818880387,39.260424994599525,0.6862089654296994,2.9491725588333333,-12.529630919896924,1
2.841666666666667,0.6979301616022764,39.988452654693944,0.6983878918842774,2.89658628722156,-12.710917781470894,1
2.845833333333333,0.7107732099624599,40.724305121814865,0.7103461500940134,2.8432554116449995,-12.887044779283793,1
2.85,0.721014174850559,41.31106918804461,0.7220806825578264,2.7892013669556723,-13.058044097418017,1
2.8541666666666665,0.734210728768716,42.067176031671835,0.733588520260313,2.734445448012419,-13.223952157274693,1
2.8583333333333334,0.7446570590436844,42.665706667827266,0.7448667825173857,2.6790087831354104,-13.384809344991034,1
2.8625,0.7555855839595058,43.291865021807396,0.755912676819342,2.622912324879146,-13.540659737735952,1
2.8666666666666667,0.7673439272644109,43.96556846724437,0.7667234976496596,2.566176837910554,-13.691550814287707,1
2.870833333333333,0.7776843179841912,44.55802921400402,0.777296625107629,2.5088228850557845,-13.83753316336211,1
2.875,0.7873145219664519,45.10979925803764,0.787629524370544,2.4508708070205047,-13.978660204753995,1
2.8791666666666664,0.7987314515425162,45.763941137744204,0.797719745433256,2.392340716682535,-14.114987916387069,1
2.8833333333333333,0.8066215160061182,46.21600853159475,0.8075649217305774,2.3332524911045764,-14.246574547981034,1
2.8875,0.8177002737610104,46.850774593197904,0.8171627685449381,2.2736257623856084,-14.373480335225107,1
2.8916666666666666,0.8270286606885313,47.385251793809864,0.8265110822010678,2.21347990467996,-14.495767228426255,1
2.8958333333333335,0.8353376094676821,47.861319491045585,0.8356077396953748,2.152834030242533,-14.613498631331835,1
2.9,0.8447353021014337,48.39976761612073,0.8444506973495535,2.0917069861094224,-14.72673913149012,1
2.904166666666667,0.8519461864265436,48.81292085450657,0.8530379889877598,2.0301173496087332,-14.835554229876571,1
2.908333333333333,0.8621740907092218,49.39893660316781,0.8613677250160944,1.9680834224302117,-14.94001008821343,1
2.9125,0.869276734373827,49.80588810853502,0.8694380919275722,1.9056232284914232,-15.040173287735302,1
2.9166666666666665,0.8767911891526116,50.23643465270129,0.877247351041813,1.842754514330535,-15.136110584410707,1
2.9208333333333334,0.8857092698508808,50.7474030380692,0.8847938366071483,1.7794947494928592,-15.227888663060522,1
2.925,0.8914612990212385,51.07697003316683,0.8920759548445194,1.7158611264295742,-15.315573910562732,1
2.9291666666666667,0.8978630690566977,51.443764437611954,0.8990921834071203,1.6518705606428168,-15.399232201229172,1
2.933333333333333,0.9044826548750231,51.82303876712666,0.9058410700905526,1.587539694288694,-15.478928680284254,1
2.9375,0.9128500745626072,52.3024566006399,0.9123212311150657,1.5228849008852259,-15.554727549954587,1
2.9416666666666664,0.9174139647553071,52.563948246842756,0.9185313501573191,1.4579222900170088,-15.62669187257081,1
2.9458333333333333,0.9260015246881655,53.05597918731119,0.9244701778796421,1.3926677093082949,-15.6948833872012,1
2.95,0.9283197043439305,53.18880109773961,0.9301365304920138,1.327136751845822,-15.759362322728759,1
2.9541666666666666,0.9370097258606226,53.68670265452394,0.9355292883984683,1.2613447641383038,-15.820187220128876,1
2.9583333333333335,0.9408315427913532,53.90567663472645,0.9406473953122579,1.19530685434703,-15.877414768356196,1
2.9625,0.9454054597251765,54.16774277087794,0.945489857836776,1.1290378955794758,-15.931099653400745,1
2.966666666666667,0.9495802123011181,54.40693847399076,0.9500557439122069,1.062552537920619,-15.981294402496852,1
2.970833333333333,0.954692493872929,54.69985063173804,0.9543441819049759,0.9958652189014734,-16.02804924388691,1
2.975,0.9583215174912707,54.907778368822314,0.9583543599647868,0.9289901721942753,-16.071411977562395,1
2.9791666666666665,0.9630483379007811,55.17860522880356,0.9620855253765492,0.8619414349094786,-16.111427853814014,1
2.9833333333333334,0.9656366657477695,55.326905490432175,0.9655369833194714,0.7947328620756586,-16.1481394532762,1
2.9875,0.9688392592887353,55.51040058382537,0.9687080962582825,0.7273781395382795,-16.18158658199748,1
2.9916666666666667,0.9712809720487403,55.6503004197569,0.9715982835639199,0.6598907904806572,-16.211806176675523,1
2.995833333333333,0.9741573261342565,55.81510336924219,0.9742070205656833,0.5922841901341158,-16.238832211573428,1
3.0,0.97680244565691,55.966657554197894,0.9765338379413785,0.5245715805114418,-16.262695616962578,1
3.0041666666666664,0.9770859179078971,55.98289931778853,0.978578321368667,0.4567660806908726,-16.28342420798799,1
3.0083333333333333,0.9791635972653195,56.10194157615029,0.9803401109924762,0.38888069868758435,-16.301042619160246,1
3.0125,0.9824675211456357,56.29124247032489,0.9818189008630083,0.32092834824802974,-16.315572246231973,1
3.0166666666666666,0.9831635469212148,56.33112180969789,0.983014438697555,0.2529218613477879,-16.32703119902552,1
3.0208333333333335,0.983765969818233,56.36563809917908,0.9839265255676409,0.18487399934505258,-16.335434260882213,1
3.025,0.9845711021879134,56.411768785911136,0.9845550155466093,0.11679747068322122,-16.3407928552697,1
3.029166666666667,0.9852031378736607,56.44798176320611,0.9848998156147477,0.04870494748531495,-16.343115022551046,1
3.033333333333333,0.9844898562291468,56.40711373537131,0.9849608854086923,-0.019390942199677033,-16.342401641854465,1
3.0375,0.9840590384717812,56.38242969613497,0.9847382374738862,-0.0874774250594859,-16.338588707131066,1
3.0416666666666665,0.9844028452167329,56.40212837158884,0.9842319379904398,-0.15554150917724935,-16.331650417934373,1
3.0458333333333334,0.9825883161214131,56.29816351262332,0.9834421074354763,-0.2235701638975813,-16.32158138240572,1
3.05,0.9827251883772732,56.306005715216536,0.9823689206388952,-0.29155032710853124,-16.30837291054777,1
3.0541666666666667,0.9795268224368416,56.12275284549142,0.9810126069210627,-0.3594688946942289,-16.292013037975583,1
3.058333333333333,0.9802715580610339,56.16542305361068,0.9793734503416943,-0.42731270458276693,-16.27248655854527,1
3.0625,0.9778642090277224,56.02749211418703,0.9774517899224853,-0.4950685256792684,-16.249775064153432,1
3.0666666666666664,0.9754714480727092,55.89039701008108,0.97524801998037,-0.5627230435625294,-16.223856993408003,1
3.0708333333333333,0.9736201502076435,55.78432545579123,0.9727625905476679,-0.6302628463036151,-16.19470768887835,1
3.075,0.9714494083316959,55.659951107887125,0.9699960076985111,-0.6976744145808809,-16.16229946085588,1
3.0791666666666666,0.9678340389920304,55.45280570334329,0.9669488341186185,-0.7649441067547662,-16.126601661608962,1
3.0833333333333335,0.9620152238330686,55.11941215296804,0.9636216896556614,-0.8320581464705993,-16.08758076710439,1
3.0875,0.9588986102005886,54.940843345454,0.9600152517556997,-0.8990026137580277,-16.04520046511358,1
3.091666666666667,0.9555849991670704,54.75098741828542,0.9561302562374913,-0.9657634308653937,-15.999421755028928,1
3.095833333333333,0.9519902667507949,54.54502442235397,0.9519674980142208,-1.0323263507748381,-15.950203054893477,1
3.1,0.9479795742783735,54.31522867075934,0.9475278315628818,-1.0986769503410199,-15.89750031328465,1
3.1041666666666665,0.9421788409398835,53.982871132383025,0.9428121718931588,-1.164800617171392,-15.84126713491838,1
3.1083333333333334,0.9379844802283337,53.74255196585573,0.9378214954796626,-1.2306825392183134,-15.781454913748545,1
3.1125,0.9318976447601967,53.39380198294094,0.9325568407243434,-1.296307699767605,-15.718012968388598,1
3.1166666666666667,0.9264856590936066,53.08371804546004,0.9270193090484452,-1.3616608665318093,-15.650888692859777,1
3.120833333333333,0.9199825226111177,52.71111577141587,0.9212100659911034,-1.4267265829000548,-15.580027715368285,1
3.125,0.914324668913053,52.38694463341428,0.9151303419084785,-1.4914891629664082,-15.505374060168865,1
3.1291666666666664,0.9076018654656666,52.00175636938304,0.9087814328064928,-1.5559326859035258,-15.426870318764232,1
3.1333333333333333,0.901313091605801,51.64143616890054,0.9021647016731311,-1.620040987405155,-15.344457834977387,1
3.1375,0.8962010555089929,51.34853807583491,0.8952815795846211,-1.6837976560951444,-15.2580768949851,1
3.1416666666666666,0.8873050593192886,50.83883503960039,0.8881335661455333,-1.7471860319348194,-15.167666916695888,1
3.1458333333333335,0.8830194176676855,50.59328586045806,0.8807222309575926,-1.8101891999095214,-15.073166659224976,1
3.15,0.8734797159434854,50.04670121384772,0.8730492148620155,-1.8727899878088468,-14.9745144369587,1
3.154166666666667,0.8652775307772281,49.57675062103637,0.8651162308304732,-1.9349709670182964,-14.871648336296518,1
3.158333333333333,0.8561760060687071,49.055271668104076,0.8569250645399208,-1.9967144520772375,-14.764506435175196,1
3.1625,0.8490887118220161,48.649199619601326,0.8484775761630194,-2.0580024971650523,-14.653027044782855,1
3.1666666666666665,0.8392733626516939,48.08682153769464,0.8397757014200375,-2.118816901118244,-14.537148948188486,1
3.1708333333333334,0.8309279258671605,47.60866323174764,0.8308214522178949,-2.1791392108061767,-14.416811639640759,1
3.175,0.8238510127400707,47.20318597758467,0.8216169175239612,-2.238950722867757,-14.291955572463145,1
3.1791666666666667,0.8120804370360574,46.52878166730547,0.8121642651125239,-2.298232484445158,-14.162522423951593,1
3.183333333333333,0.8034686726267847,46.035363912493175,0.8024657424493331,-2.3569653058599136,-14.02845535348746,1
3.1875,0.7919100399164908,45.373103041251476,0.7925236771085333,-2.4151297654608452,-13.889699258856925,1
3.1916666666666664,0.7823099445882609,44.823058096020645,0.7823404778062346,-2.472706215004714,-13.746201044556361,1
3.1958333333333333,0.7734639511126707,44.31622000426907,0.7719186360382584,-2.5296747849493633,-13.597909902000339,1
3.2,0.7607135946873441,43.58567839381034,0.7612607266603411,-2.586015404878895,-13.444777577388637,1
3.2041666666666666,0.7519510679041416,43.08362259126249,0.7503694081611381,-2.641707809895575,-13.286758637624525,1
3.2083333333333335,0.7398650537176731,42.391144987242605,0.73924742363962,-2.6967315500949307,-13.123810747225017,1
3.2125,0.7274067574793672,41.67733719286397,0.7278976023379888,-2.7510660006450527,-12.955894954188443,1
3.216666666666667,0.7168747396390467,41.07389702085712,0.7163228597759661,-2.804690389521818,-12.782975954964126,1
3.220833333333333,0.7053749117638285,40.41500541848021,0.7045261978987831,-2.8575838062941155,-12.605022359130281,1
3.225,0.6930533374054749,39.70903121078994,0.6925107058473553,-2.9097252150965183,-12.422006961122241,1
3.2291666666666665,0.6789092817649157,38.89863651738769,0.6802795613328304,-2.961093470206038,-12.233907018647319,1
3.2333333333333334,0.6672014833336762,38.22782907988778,0.667836030225266,-3.011667349786379,-12.040704499997087,1
3.2375,0.6549674657772625,37.526871507416324,0.6551834665347834,-3.0614255677112667,-11.842386333334835,1
3.2416666666666667,0.6422603575300753,36.79880783503661,0.6423253129506425,-3.1103467896739065,-11.638944658826,1
3.245833333333333,0.6298067404516098,36.0852681367685,0.6292651018677339,-3.1584096546818663,-11.430377082116454,1
3.25,0.6161615277620823,35.30345503910022,0.6160064543845636,-3.2055928135131624,-11.216686887865201,1
3.2541666666666664,0.6013877723040837,34.456981203798534,0.6025530800894549,-3.251874942241777,-10.997883257914626,1
3.2583333333333333,0.5892405626252967,33.76099735634357,0.5889087774098436,-3.2972347628989938,-10.773981488725978,1
3.2624999999999997,0.5756102705623627,32.980039147606796,0.5750774339813154,-3.3416510704503777,-10.54500319882553,1
3.2666666666666666,0.5615515343770651,32.17453289890139,0.5610630250551846,-3.385102774406975,-10.310976491985825,1
3.2708333333333335,0.5478127722935089,31.38735981577926,0.5468696131858578,-3.427568911268669,-10.07193612984122,1
3.275,0.5332290827318317,30.55177595416616,0.5325013483667215,-3.4690286720102974,-9.82792369800985,1
3.279166666666667,0.5183631774742748,29.700022324266815,0.5179624672621697,-3.5094614355536544,-9.578987742714881,1
3.283333333333333,0.5031960602092567,28.831010517601268,0.5032572913436045,-3.548846806531499,-9.325183872930436,1
3.2875,0.48694076470503656,27.899650690471475,0.4883902265568792,-3.58716462902394,-9.06657487327603,1
3.2916666666666665,0.47374067556430094,27.143341293510854,0.47336576294178,-3.6243950210011366,-8.803230798400486,1
3.2958333333333334,0.45836971405758375,26.26265007211791,0.45818847235974136,-3.6605184141686644,-8.535229016460915,1
3.3,0.4431000043961339,25.387760154126696,0.44286300715174404,-3.6955155777353346,-8.262654250501965,1
3.3041666666666667,0.4262799261708766,24.424040660739557,0.42739409948928725,-3.729367644093616,-7.985598612831582,1
3.308333333333333,0.4108431597494126,23.539579095460404,0.41178655955092974,-3.762056146211199,-7.704161598357751,1
3.3125,0.39696432213480964,22.74438027559624,0.39604527289393804,-3.793563052480353,-7.418450042887684,1
3.3166666666666664,0.3801406811544081,21.780456651375893,0.38017519953795464,-3.8238707860510392,-7.128578091992816,1
3.3208333333333333,0.36477609379251746,20.90013064157952,0.36418137224132796,-3.8529622595702615,-6.834667133662757,1
3.3249999999999997,0.34809360558335856,19.944294475417955,0.3480688931382438,-3.8808209128441646,-6.53684567924446,1
3.3291666666666666,0.33186889953613113,19.01468729507144,0.33184293240578694,-3.9074307312637715,-6.2352492606905425,1
3.3333333333333335,0.3163275333784203,18.12423260636716,0.31550872629179905,-3.9327762777367448,-5.930020294021857,1
3.3375,0.2986212394625752,17.109736694171065,0.2990715734423228,-3.9568427277866225,-5.621307889313556,1
3.341666666666667,0.28262071429269175,16.192974131943902,0.282536833090832,-3.979615888597787,-5.309267674530475,1
3.345833333333333,0.265506511444014,15.212402538983895,0.2659099227359395,-4.001082227650265,-4.994061588386995,1
3.35,0.2488171447176493,14.25617226281713,0.24919631420545868,-4.021228903893418,-4.675857621758875,1
3.3541666666666665,0.23213172797329198,13.300168303948542,0.23240153154878748,-4.040043785743385,-4.354829573908854,1
3.3583333333333334,0.21572499651494545,12.360131835780766,0.21553114823020136,-4.0575154767054,-4.031156775573712,1
3.3625,0.19817299601624788,11.354476285193881,0.1985907830031185,-4.073633341364238,-3.7050237677649065,1
3.3666666666666667,0.1826819516500606,10.466904822761437,0.18158609770039333,-4.088387521026413,-3.3766199996011834,1
3.370833333333333,0.1637421015022234,9.381731344680137,0.1645227936490291,-4.101768956631231,-3.0461394822724985,1
3.375,0.14724353154114572,8.436432917909068,0.14740660781460727,-4.113769407414964,-2.713780421721948,1
3.3791666666666664,0.12985957251837935,7.440405434676188,0.13024331025788752,-4.124381464915377,-2.379744861947641,1
3.3833333333333333,0.11430142621410744,6.548989314394348,0.11303869979983172,-4.133598571206335,-2.0442382795690035,1
3.3874999999999997,0.09597012725596431,5.498683251100183,0.09579860085543188,-4.141415030376548,-1.7074691888964262,1
3.3916666666666666,0.07942931419565893,4.550964473029814,0.07852885996653632,-4.147826020756531,-1.369648730040587,1
3.3958333333333335,0.05993894558738324,3.434248610621349,0.06123534157471576,-4.152827605727865,-1.0309902325689109,1
3.4,0.04415697034565388,2.5300080368902993,0.04392392502526664,-4.156416740785983,-0.6917087952691168,1
3.404166666666667,0.027376849510564155,1.5685779333201195,0.02660050018502587,-4.1585912809853784,-0.3520208321868099,1
3.408333333333333,0.009342770493225969,0.5353013182212065,0.009270964166499376,-4.15934998487743,-0.012143635518477441,1
3.4125,-0.007128975712104147,-0.40846022055483827,-0.00805878274511787,-4.158692517498704,0.327705080412274,1
3.4166666666666665,-0.02583425999231431,-1.4801940644032845,-0.025382840660474814,-4.156619451131802,0.6673076268694769,1
3.4208333333333334,-0.041465426414181224,-2.3757939292428674,-0.04269531407097083,-4.153132264225797,1.0064467965158643,1
3.425,-0.057984148335374464,-3.322246978277475,-0.05999031540662824,-4.148233338522934,1.3449063091193303,1
3.4291666666666667,-0.07757860537405527,-4.444926668444294,-0.07726196899741185,-4.141925954173959,1.682471261767897,1
3.433333333333333,-0.09489318887693565,-5.436979227186181,-0.09450441458571665,-4.134214283179578,2.018928565278148,1
3.4375,-0.110443494063819,-6.3279460845349895,-0.111711811284973,-4.125103380789776,2.3540673826924885,1
3.4416666666666664,-0.12749990417242507,-7.305206397402392,-0.1288783409082147,-4.11459917549662,2.6876795473010375,1
3.4458333333333333,-0.14645449345874428,-8.39122436591237,-0.1459982120086997,-4.102708456494471,3.019559984810144,1
3.4499999999999997,-0.16343234507459423,-9.363983608699936,-0.16306566290300434,-4.089438861013676,3.3495071046461717,1
3.4541666666666666,-0.18032086925317872,-10.331624766337473,-0.1800749657928757,-4.074798857206472,3.677323199919646,1
3.4583333333333335,-0.19819368398821596,-11.355661618674336,-0.19702042958583255,-4.058797729647388,4.002814808569262,1
3.4625,-0.21469807874315344,-12.301293781550106,-0.21389640368585325,-4.041445558239789,4.325793077950973,1
3.466666666666667,-0.23157355933230464,-13.268187596563415,-0.23069728120563843,-4.022753200163052,4.646074102297647,1
3.470833333333333,-0.24808753152260446,-14.214368506064005,-0.24741750174761132,-4.0027322687365245,4.963479234665632,1
3.475,-0.26408182356576654,-15.130773936436867,-0.2640515552914874,-3.9813951081156107,5.277835401697154,1
3.4791666666666665,-0.28038959346309456,-16.065140324824256,-0.28059398437506655,-3.9587547740888414,5.588975367277593,1
3.4833333333333334,-0.2956863205197658,-16.94157822553509,-0.2970393874524358,-3.9348250047181086,5.896737998443389,1
3.4875,-0.31425365011152273,-18.005407847971124,-0.31338242185594867,-3.9096201963656174,6.200968503724465,1
3.4916666666666667,-0.32875882242113347,-18.836493002421847,-0.3296178057588607,-3.8831553791943434,6.501518632038947,1
3.495833333333333,-0.3459270620987212,-19.820160677616666,-0.3457403216040076,-3.855446183394096,6.798246877378687,1
3.5,-0.3617879834257318,-20.72892452884341,-0.36174481819604754,-3.8265088165661987,7.091018637677413,1
3.5041666666666664,-0.37703732146784413,-21.602647239024737,-0.3776262125675913,-3.7963600342747004,7.379706347773267,1
3.5083333333333333,-0.3943592529464963,-22.595120805766314,-0.3933794931534509,-3.765017104086823,7.664189614361779,1
3.5124999999999997,-0.408666005825532,-23.414837364271698,-0.40899972128366335,-3.7324977834498987,7.944355299224132,1
3.5166666666666666,-0.4243367758414349,-24.31270634790309,-0.4244820327954616,-3.6988202875392338,8.220097582950416,1
3.5208333333333335,-0.4393918960538085,-25.1753011961342,-0.43982164085193604,-3.6640032516456027,8.491318028835428,1
3.525,-0.45476148978398095,-26.055914049703812,-0.4550138370304669,-3.6280657098003024,8.757925595619765,1
3.529166666666667,-0.4679113389277395,-26.809344906874898,-0.4700539925060456,-3.591027061940633,9.01983663127117,1
3.533333333333333,-0.48549409361476314,-27.81676254265522,-0.48493756048992304,-3.5529070347119123,9.276974868617375,1
3.5375,-0.5001234593344038,-28.654963455343996,-0.4996600770752615,-3.5137256615305623,9.529271374538801,1
3.5416666666666665,-0.5147609545806038,-29.493630155594058,-0.5142171618861676,-3.473503250534148,9.776664476859382,1
3.5458333333333334,-0.5290892652513894,-30.31458188458234,-0.5286045200189474,-3.432260345172527,10.019099695287002,1
3.55,-0.5433741680697876,-31.133046526831084,-0.5428179428707212,-3.390017704027611,10.256529636891624,1
3.5541666666666667,-0.5558156956006393,-31.845893545044706,-0.5568533082670627,-3.3467962722623854,10.488913863271192,1
3.558333333333333,-0.5694669578256878,-32.62805325556636,-0.5707065816339872,-3.3026171450179644,10.71621875975538,1
3.5625,-0.5848718871045194,-33.51069068694092,-0.5843738170035453,-3.2575015418178364,10.938417387640952,1
3.5666666666666664,-0.5985775241441529,-34.295965844850095,-0.5978511568792533,-3.2114707854936637,11.155489304315873,1
3.5708333333333333,-0.6107234446591576,-34.99187582866123,-0.6111348323393608,-3.164546271929436,11.367420374742006,1
3.5749999999999997,-0.6247030696079316,-35.79284933740177,-0.6242211640915272,-3.1167494353935865,11.574202586591467,1
3.5791666666666666,-0.636554225283119,-36.47187053994252,-0.6371065624911423,-3.068101736368314,11.775833839002836,1
3.5833333333333335,-0.6496104430726563,-37.21993671568663,-0.6497875268147537,-3.0186246349781225,11.9723177095819,1
3.5875,-0.6635833819025346,-38.020527138033124,-0.6622606456313131,-2.9683395608773604,12.16366323044449,1
3.591666666666667,-0.6731721440782795,-38.56992274145799,-0.6745225971260269,-2.9172678926546673,12.34988465619247,1
3.595833333333333,-0.6850029496090136,-39.247777966609085,-0.6865701485269422,-2.865430943355292,12.531001211698827,1
3.6,-0.698934914164732,-40.0460207359776,-0.6984001551513351,-2.812849939039686,12.70703682865722,1
3.6041666666666665,-0.7103478940090497,-40.69993631272489,-0.7100095605722497,-2.7595459896148493,12.878019894479413,1
3.6083333333333334,-0.721145931945883,-41.31861831352758,-0.7213953965601654,-2.7055400791803836,13.043982994752026,1
3.6125,-0.7322629133399934,-41.95557442833557,-0.7325547819495396,-2.6508530506964028,13.204962636693077,1
3.6166666666666667,-0.7429102333529245,-42.565620928201696,-0.7434849216443391,-2.595505589488418,13.360998973280743,1
3.620833333333333,-0.7524288719789577,-43.110998748183604,-0.754183106370958,-2.539518200011715,13.512135537138283,1
3.625,-0.7648011280757278,-43.81987680558353,-0.7646467124896255,-2.4829112007397707,13.658418975571577,1
3.6291666666666664,-0.7755698462214393,-44.43687890609875,-0.7748732004550996,-2.4257047118438186,13.799898766497668,1
3.6333333333333333,-0.7860637968255701,-45.03813798613421,-0.7848601137273241,-2.367918643579517,13.936626942636552,1
3.6374999999999997,-0.7952429349675971,-45.56406386123991,-0.7946050781776611,-2.309572679744581,14.068657824542708,1
3.6416666666666666,-0.8041347105834226,-46.073525076404046,-0.8041058018460292,-2.250686274624193,14.19604776144957,1
3.6458333333333335,-0.8117940260363883,-46.51237152581832,-0.8133600732031853,-2.1912786455493842,14.318854854515148,1
3.65,-0.8228174609909533,-47.14396782445188,-0.8223657599202681,-2.1313687659385545,14.437138691329526,1
3.654166666666667,-0.8309255162147978,-47.60852516883717,-0.8311208080439174,-2.070975355379967,14.550960090209362,1
3.658333333333333,-0.8396375733864457,-48.10768927564927,-0.8396232417059866,-2.010116877864281,14.660380856522618,1
3.6625,-0.8468340925748046,-48.52001945232715,-0.8478711613463157,-1.9488115393978926,14.765463524412214,1
3.6666666666666665,-0.8536575778409111,-48.910976359644756,-0.8558627423812563,-1.887077285408085,14.866271110446055,1
3.6708333333333334,-0.8640595046691687,-49.50696286570781,-0.8635962342699947,-1.8249317970361607,14.96286687849675,1
3.675,-0.871497076663023,-49.93310435078037,-0.8710699601749696,-1.7623924906686097,15.055314118485096,1
3.6791666666666667,-0.8773711129212994,-50.269661837086424,-0.8782823151825678,-1.6994765200607604,15.143675913319454,1
3.683333333333333,-0.8846367024335213,-50.685949451811254,-0.8852317650152868,-1.6362007778240801,15.22801491924336,1
3.6875,-0.8903052889338672,-51.0107355340859,-0.8919168450916068,-1.5725818969232441,15.308393157667059,1
3.6916666666666664,-0.897826586673723,-51.44167415104093,-0.8983361601451796,-1.508636251675246,15.384871820984998,1
3.6958333333333333,-0.904801923918606,-51.841331535853136,-0.9044883824205756,-1.4443799641551909,15.457511068349502,1
3.6999999999999997,-0.9098568070171158,-52.13095500332976,-0.9103722505940354,-1.3798289092457052,15.526369838092606,1
3.7041666666666666,-0.9150190425422965,-52.42672931177511,-0.9159865689377876,-1.3149987196979274,15.591505670709155,1
3.7083333333333335,-0.9206142010503948,-52.74730827999586,-0.9213302068261867,-1.2499047891192512,15.652974543443355,1
3.7125,-0.9259594168987395,-53.053566588692455,-0.9264020970013739,-1.1845622824548632,15.710830698045347,1
3.716666666666667,-0.9302703855096907,-53.30056689571333,-0.9312012347787416,-1.118986144072174,15.765126487627484,1
3.720833333333333,-0.9347062745429388,-53.55472461570681,-0.9357266774420552,-1.0531911037334862,15.815912233414213,1
3.725,-0.9387713821367039,-53.787638124096134,-0.9399775433956863,-0.9871916842385438,15.863236086448522,1
3.7291666666666665,-0.9433869047522287,-54.05208809021289,-0.9439530109236628,-0.9210022134941802,15.90714389274068,1
3.7333333333333334,-0.9477981555714033,-54.30483414452522,-0.9476523175343463,-0.8546368355820666,15.947679073049466,1
3.7375,-0.9509467277287971,-54.485234040636286,-0.9510747595730971,-0.788109515952052,15.984882513274648,1
3.7416666666666667,-0.9531668134105448,-54.612435580357854,-0.954219691106565,-0.7214340554201406,16.01879245448623,1
3.745833333333333,-0.9577994341382772,-54.87786519614174,-0.9570865232764914,-0.6546241030769642,16.04944439605919,1
3.75,-0.9593529957465008,-54.96687771950651,-0.9596747239017035,-0.5876931652569601,16.07687100915055,1
3.7541666666666664,-0.9623270697179945,-55.13727960603281,-0.9619838168504448,-0.5206546165522652,16.101102055231408,1
3.7583333333333333,-0.9639882967639385,-55.23246090457839,-0.9640133813540943,-0.453521715255371,16.122164311673014,1
3.7624999999999997,-0.9646473919758027,-55.27022427851549,-0.9657630516923403,-0.38630761529592283,16.14008150894391,1
3.7666666666666666,-0.9670657514343254,-55.40878606883438,-0.9672325168310474,-0.31902537581324075,16.15487427468521,1
3.7708333333333335,-0.968380996361697,-55.48414405219877,-0.9684215198946263,-0.2516879777493126,16.166560083558142,1
3.775,-0.9705165563220831,-55.606502624826014,-0.9693298579714049,-0.1843083369664567,16.17515321812247,1
3.779166666666667,-0.9693061527982297,-55.537151611401455,-0.9699573818873259,-0.11689931440180015,16.180664736658784,1
3.783333333333333,-0.9697407047163353,-55.56204960228822,-0.9703039959278579,-0.049473733144802856,16.1831024479127,1
3.7875,-0.9684818618880481,-55.48992322115705,-0.970369657762098,0.017955614048512612,16.182467671154054,1
3.7916666666666665,-0.9704229656980301,-55.60114027706578,-0.9701543785197347,0.0853758031244422,16.178698462168306,1
3.7958333333333334,-0.9694669789437357,-55.5463662707743,-0.9696582236824637,0.1527737080849049,16.171768436292243,1
3.8,-0.9686636852306973,-55.50034093130781,-0.9688813135497726,0.2201361440485885,16.16167250583414,1
3.8041666666666667,-0.9664472357398337,-55.373347729977404,-0.9678238234162465,0.28744990406271564,16.148402419036312,1
3.808333333333333,-0.9665691447274742,-55.38033260045392,-0.9664859836873446,0.3547017398108457,16.131946783447184,1
3.8125,-0.9646245878432435,-55.26891769796439,-0.964868080058675,0.4218783496056972,16.11229109732471,1
3.8166666666666664,-0.9624399640376811,-55.143747974081855,-0.9629704538179779,0.48896636359054235,16.089417789966735,1
3.8208333333333333,-0.9606306549093984,-55.04008219719676,-0.9607935020900653,0.5559523336042463,16.063306268807455,1
3.8249999999999997,-0.9587272650464224,-54.93102599128025,-0.9583376782231481,0.6228227192913094,16.033932975715544,1
3.8291666666666666,-0.9554341167722402,-54.74234249385882,-0.9556034922433027,0.6895638749100796,16.001271451612432,1
3.8333333333333335,-0.9516545907494375,-54.525791604192364,-0.9525915111988875,0.756162040253259,15.965292407326594,1
3.8375,-0.9501981633579332,-54.44234446149192,-0.9493023597680923,0.8226033265959956,15.925963805159565,1
3.841666666666667,-0.9456206829127708,-54.18007415118045,-0.9457367208437292,0.8888737050731389,15.8832509477984,1
3.845833333333333,-0.9425063066350496,-54.00163353465136,-0.9418953359659279,0.9549589988095686,15.837116573041431,1
3.85,-0.9367361312016935,-53.671026835269984,-0.9377790061211734,1.0208448697399977,15.787520960549358,1
3.8541666666666665,-0.9347178238332101,-53.55538634129573,-0.9333885925026232,1.0865168079420144,15.734422045842518,1
3.8583333333333334,-0.9292127682714444,-53.239969891621534,-0.9287250169466335,1.1519601258803387,15.677775538099159,1
3.8625,-0.9234600834670459,-52.91036533146046,-0.9237892629269208,1.2171599462440725,15.617535052337775,1
3.8666666666666667,-0.9172161990427122,-52.55261710617867,-0.9185823764841736,1.2821011928884982,15.553652248568048,1
3.870833333333333,-0.9131628446404665,-52.32037700605922,-0.913105466713478,1.3467685862044594,15.48607697327536,1
3.875,-0.907844209768001,-52.01564167509584,-0.9073597067806854,1.4111466340989127,15.414757414942745,1
3.8791666666666664,-0.899704715801757,-51.54928302345787,-0.9013463350322023,1.4752196240985964,15.339640268398549,1
3.8833333333333333,-0.8963302862674744,-51.35594245287917,-0.8950666557586289,1.5389716191214426,15.260670902507018,1
3.8874999999999997,-0.8904408600484677,-51.0185031867764,-0.8885220398706934,1.6023864536647145,15.177793534185644,1
3.8916666666666666,-0.8813299412266228,-50.496485990798384,-0.8817139262721119,1.665447725886736,15.090951418516903,1
3.8958333333333335,-0.8750819478923793,-50.13850234232036,-0.8746438229304543,1.7281387956777559,15.00008704240739,1
3.9,-0.8682045010908604,-49.74445366676758,-0.8673133073364431,1.7904427836821777,14.905142317678827,1
3.904166666666667,-0.8591058701711107,-49.22314051571869,-0.8597240277852659,1.8523425670829043,14.80605879144736,1
3.908333333333333,-0.8516649483911407,-48.79680710203943,-0.8518777046498417,1.9138207775894231,14.702777863305572,1
3.9125,-0.8442683827623119,-48.373015108616016,-0.843776131294987,1.9748598043024657,14.59524100440098,1
3.9166666666666665,-0.8365384508587135,-47.930122634616296,-0.8354211744994848,2.035441794047901,14.483389976393868,1
3.9208333333333334,-0.8260534135103541,-47.32937424651827,-0.8268147761584362,2.0955486496038604,14.367167073108957,1
3.925,-0.8173915467358316,-46.83308583763353,-0.8179589543036178,2.1551620349157794,14.246515358989821,1
3.9291666666666667,-0.808942351052531,-46.34898258470025,-0.808855803784458,2.2142633810840366,14.12137890829704,1
3.933333333333333,-0.7978960020594031,-45.71607340836544,-0.7995074968429116,2.2728338884466575,13.991703047740083,1
3.9375,-0.7908501100434693,-45.31237353294751,-0.789916284921078,2.3308545290226554,13.857434620325998,1
3.9416666666666664,-0.7814157712429405,-44.77182573718069,-0.7800844993902062,2.388306059210173,13.718522238470486,1
3.9458333333333333,-0.7706183557145461,-44.15317939775468,-0.7700145520175188,2.445169027850289,13.574916536992601,1
3.9499999999999997,-0.7597487169533047,-43.53039497190374,-0.7597089356493911,2.501423781263292,13.426570431954376,1
3.9541666666666666,-0.7489578722110939,-42.91212511079412,-0.7491702259406274,2.5570504703002896,13.273439396682955,1
3.9583333333333335,-0.7386115999163148,-42.31932737461015,-0.7384010817421085,2.612029070546574,13.115481720266859,1
3.9625,-0.7270970190843857,-41.65959049007837,-0.7274042453753151,2.6663393923953094,12.952658765599983,1
3.966666666666667,-0.7172747174649157,-41.096814062178225,-0.7161825432813838,2.719961089387015,12.784935233038981,1
3.970833333333333,-0.7034789653060154,-40.306375688264744,-0.704738887604257,2.7728736703296226,12.612279437453694,1
3.975,-0.6931479665619333,-39.71445306207389,-0.6930762761345661,2.825056526235192,12.434663559530831,1
3.9791666666666665,-0.6802227678418713,-38.97389372604644,-0.6811977923908723,2.876488942958021,12.252063897326094,1
3.9833333333333334,-0.668807521851121,-38.31984830867282,-0.6691066061373375,2.92715011256514,12.064461121423687,1
3.9875,-0.6564073823372593,-37.609372649155134,-0.6568059747144251,2.977019151059065,11.871840538818523,1
3.9916666666666667,-0.643802026706842,-36.887138972270755,-0.6442992424573512,3.0260751309118126,11.674192322353823,1
3.995833333333333,-0.6311991411333341,-36.16504681922244,-0.6315898405564173,3.0742970959436673,11.47151174173903,1
4.0,-0.6181204060141301,-35.415690495522526,-0.6186812874309898,3.1216640763818595,11.263799396036436,1
4.004166666666666,-0.6044172852153427,-34.630559507594064,-0.6055771896109439,3.168155111659043,11.051061446784521,1
4.008333333333333,-0.5921097434877841,-33.92538931042381,-0.5922812405608422,3.21374928814211,10.83330980926234,1
4.0125,-0.5781784978613206,-33.127187732667366,-0.5787972203602672,3.258425753707201,10.610562348683107,1
4.016666666666667,-0.5652073051052778,-32.38399313249545,-0.5651289959391841,3.302163738463171,10.382843074858389,1
4.020833333333333,-0.5500237818410065,-31.514041331314004,-0.5512805211922188,3.3449425824484242,10.150182323665968,1
4.025,-0.5378460988684288,-30.816311492736975,-0.5372558352331249,3.386741776014949,9.912616894704216,1
4.029166666666667,-0.5214874450398026,-29.879029669841167,-0.5230590620491319,3.4275409719851404,9.670190200014927,1
4.033333333333333,-0.5087294549291564,-29.1480506814315,-0.5086944105061766,3.4673200139414666,9.42295240415534,1
4.0375,-0.4954147599940068,-28.385174856143212,-0.4941661731746309,3.5060589705519485,9.170960529252879,1
4.041666666666667,-0.479366932332519,-27.46570206078666,-0.4794787245238457,3.543738169055868,8.914278533062824,1
4.045833333333333,-0.4652308502113185,-26.655764216391532,-0.46463652052136345,3.5803382112572164,8.652977395388914,1
4.05,-0.44891049810681394,-25.72067692063597,-0.4496440979950891,3.615840006847886,8.387135182629544,1
4.054166666666666,-0.4350755938776971,-24.927995298339884,-0.4345060720168824,3.6502248134680686,8.116837059181579,1
4.058333333333334,-0.4196165033237882,-24.042254654490343,-0.4192271348249157,3.6834742554404927,7.842175308010264,1
4.0625,-0.40546099032429833,-23.231203502777003,-0.40381205496902134,3.7155703524752366,7.563249335836079,1
4.066666666666666,-0.3886603866251088,-22.268599817541563,-0.38826567490018515,3.7464955569717526,7.280165630472569,1
4.070833333333333,-0.3747081424989909,-21.469195114378817,-0.37259290875295603,3.776232781789166,6.993037701683345,1
4.075,-0.35818095727981575,-20.522257154089083,-0.3567987413147427,3.80476542231552,6.701986023595641,1
4.079166666666667,-0.3402246386944917,-19.493435883557694,-0.34088822566599863,3.832077391505116,6.407137931861495,1
4.083333333333333,-0.32418074014943754,-18.57418820999001,-0.32486648015099506,3.8581531509240636,6.1086274877171265,1
4.0875,-0.3083674053137323,-17.668150863876896,-0.30873868707776503,3.8829777299502095,5.806595353835936,1
4.091666666666667,-0.29335393602877846,-16.807942437999746,-0.2925100901544864,3.9065367579005565,5.5011886256850255,1
4.095833333333333,-0.276227627030668,-15.826677213771092,-0.27618599101790453,3.9288164937566887,5.192560625337629,1
4.1,-0.25977489143419236,-14.884004902648384,-0.25977174762576427,3.9498038441469965,4.880870710656845,1
4.104166666666667,-0.2442836351544954,-13.996421298466213,-0.24327277126623287,3.9694863924936405,4.5662840382760495,1
4.108333333333333,-0.22538256042531474,-12.913469488222788,-0.22669452294205114,3.9878524244636613,4.248971295440482,1
4.1125,-0.20927686842448484,-11.990681310437623,-0.21004251145965408,4.004890944921247,3.929108446062542,1
4.116666666666666,-0.1935151174378733,-11.08759950116862,-0.19332228981975946,4.0205917038377095,3.606876426048959,1
4.120833333333334,-0.17651598949046707,-10.113621214379357,-0.17653945181109784,4.034945215554891,3.2824608255614085,1
4.125,-0.1595177813247711,-9.139695627200165,-0.1596996296299329,4.047942774981234,2.9560515750069447,1
4.129166666666666,-0.1445902394957952,-8.284410481894849,-0.14280848970045634,4.059576478633593,2.6278425808555332,1
4.133333333333333,-0.1260874326937383,-7.2242777429910365,-0.125871729735666,4.069839237828192,2.2980313716545564,1
4.1375,-0.10949021907266812,-6.273327450826674,-0.10889507554395317,4.078724793455534,1.966818726162059,1
4.141666666666667,-0.09275835517466359,-5.314662266083704,-0.09188427682333737,4.086227730066461,1.6344082700898919,1
4.145833333333333,-0.07509041074027452,-4.302363617321557,-0.0748451044583155,4.092343484926359,1.3010060920215933,1
4.15,-0.05621456885906147,-3.2208575427717694,-0.05778334629967475,4.0970683590358705,0.9668203206689461,1
4.154166666666667,-0.04014556297494788,-2.300171324641175,-0.04070480387079841,4.100399523892031,0.6320607129078216,1
4.158333333333333,-0.024113736431681822,-1.3816153258262223,-0.02361528873218558,4.102335027605077,0.2969382291465241,1
4.1625,-0.006020945866142374,-0.3449747868066979,-0.006520618604886962,4.1028737991724284,-0.03833540044510987,1
4.166666666666667,0.011794554045938056,0.6757781680711998,0.010573386057232632,4.1020156505567655,-0.3735481037354431,1
4.170833333333333,0.028467801010197427,1.631084849902574,0.027660905903113975,4.0997612773650465,-0.708487903723335,1
4.175,0.04478816364173101,2.56617274881247,0.04473612632726655,4.096112257437917,-1.0429433515210598,1
4.179166666666666,0.06122868223506017,3.508145077216588,0.06179324107622042,4.091071047895435,-1.3767039567476576,1
4.183333333333334,0.07943577084697377,4.5513344118999415,0.07882645606013666,4.0846409800044885,-1.7095606184523204,1
4.1875,0.09617337350864374,5.510328403580565,0.09582999273193932,4.0768262529082415,-2.041306042594225,1
4.191666666666666,0.11357929547930293,6.507614271033368,0.11279809202275223,4.067631924600414,-2.371735163811322,1
4.195833333333333,0.130279309457974,7.464454589820699,0.12972501749521526,4.05706390273253,-2.700645543989833,1
4.2,0.14752096681984836,8.452328788466765,0.1466050592920699,4.045128931529452,-3.0278377767827735,1
4.204166666666667,0.16296545637696513,9.33723285682343,0.16343253721268214,4.031834579939506,-3.3531158644967776,1
4.208333333333333,0.1813514475382391,10.390672552529264,0.18020180433866143,4.017189225083884,-3.6762875933778387,1
4.2125,0.1970796886116536,11.291834385200225,0.1969072504265275,4.001202036747386,-3.9971648911501987,1
4.216666666666667,0.21535431151713427,12.33889314987737,0.2135433047638782,3.983882959675576,-4.315564159695405,1
4.220833333333333,0.22950301023108827,13.14955387178911,0.2301044400606032,3.965242692257242,-4.63130661195952,1
4.225,0.24810008896979002,14.215087994789197,0.2465851747667562,3.945292669343521,-4.944218562414851,1
4.229166666666667,0.26315278639615897,15.077544027607573,0.2629800766563277,3.9240450363714547,-5.254131723977805,1
4.233333333333333,0.27871529622483976,15.969210159421845,0.2792837656733318,3.9015126290312514,-5.56088347294854,1
4.2375,0.2950686461800661,16.906188092756768,0.29549091623046647,3.877708949743978,-5.864317084696596,1
4.241666666666666,0.3113167050459683,17.83713329105308,0.3115962608098629,3.8526481381963134,-6.1642819741990245,1
4.245833333333334,0.32796474652402596,18.790995804904522,0.3275945919070484,3.826344951071535,-6.460633885990946,1
4.25,0.34393702452728075,19.706139923700665,0.3434807644916562,3.7988147324723824,-6.753235073260081,1
4.254166666666666,0.35874905144515085,20.55480655212879,0.3592496991445225,3.7700733838205553,-7.04195446888163,1
4.258333333333333,0.3748751300691913,21.478762797382444,0.37489638346033805,3.740137342285498,-7.3266678041653615,1
4.2625,0.39228535806629705,22.476295381977106,0.3904158745050142,3.7090235466633676,-7.607257725874185,1
4.266666666666667,0.407310867178362,23.33719363913379,0.4058033013639321,3.676749408253173,-7.883613894335002,1
4.270833333333333,0.42143463044200435,24.146425664982413,0.4210538662099946,3.643332787525798,-8.155633034515226,1
4.275,0.43619601075917025,24.992190456943504,0.436162846468108,3.6087919579769014,-8.42321898620673,1
4.279166666666667,0.45123034405106993,25.85359430236238,0.4511255969582314,3.5731455769969225,-8.686282734045406,1
4.283333333333333,0.4664729460694637,26.726931066813933,0.4659375506372484,3.536412662455784,-8.944742393417583,1
4.2875,0.47970166534980263,27.484880849940694,0.4805942202411842,3.498612556718456,-9.198523192918227,1
4.291666666666667,0.49486659681721207,28.35376741962839,0.49509120021698305,3.459764895568287,-9.447557443478015,1
4.295833333333333,0.507968052887053,29.104425557906332,0.5094241671838282,3.419889586905297,-9.691784464525295,1
4.3,0.5239372687433167,30.01939422860363,0.5235888808463389,3.3790067773988586,-9.93115050061873,1
4.304166666666666,0.5381459707990426,30.833492888755583,0.537581185796375,3.3371368172543936,-10.165608636727146,1
4.308333333333334,0.5509753521150682,31.568562291927844,0.5513970118484776,3.294300242969718,-10.395118673705273,1
4.3125,0.5664059367500799,32.45266966693343,0.5650323741799689,3.2505177475572804,-10.61964698553773,1
4.316666666666666,0.577413692421576,33.083367608821355,0.5784833747554401,3.2058101434974566,-10.839166383956083,1
4.320833333333333,0.5904682946440872,33.83134121939335,0.5917462028012451,3.160198346237131,-11.053655955049718,1
4.325,0.6050130056317053,34.66469177322142,0.6048171344694073,3.1137033491949357,-11.263100870353627,1
4.329166666666667,0.6186062989602953,35.44353011063296,0.617692533311664,3.066346192909659,-11.467492200170517,1
4.333333333333333,0.6318383551624043,36.20167108529372,0.630368851033332,3.0181479388505887,-11.666826721328588,1
4.3375,0.6424421751609722,36.80922521792808,0.6428426272246047,2.969129655155611,-11.861106699868538,1
4.341666666666667,0.656051815282611,37.58900015758989,0.6551104886765344,2.9193123924822237,-12.050339658913815,1
4.345833333333333,0.6671355449400992,38.224051088227945,0.6671691499192337,2.868717152599153,-12.234538158421739,1
4.35,0.6788647675814542,38.89608604254688,0.6790154133195939,2.8173648762141736,-12.413719562371993,1
4.354166666666667,0.6914173069541557,39.61529357077447,0.6906461681853002,2.765276425319698,-12.587905785095527,1
4.358333333333333,0.7026276492196754,40.25759886948587,0.7020583901189553,2.712472563115651,-12.75712303738644,1
4.3625,0.7118734794667635,40.78734592073842,0.7132491411388631,2.6589739281286104,-12.92140158048188,1
4.366666666666666,0.7255040940417747,41.56832260805607,0.7242155695097114,2.6048010281960705,-13.080775473631125,1
4.370833333333334,0.7361592652136761,42.178818946195484,0.7349549083082672,2.549974223909133,-13.235282300691235,1
4.375,0.7449185683468521,42.680690047202184,0.7454644747878026,2.494513712749002,-13.384962908032733,1
4.379166666666666,0.7560870738450362,43.32059827571678,0.7557416701025607,2.4384395103593954,-13.529861147266073,1
4.383333333333333,0.7662151016811442,43.90089152551679,0.7657839790134005,2.38177144691472,-13.670023618582022,1
4.3875,0.7758164488604747,44.45100819653227,0.7755889680861148,2.3245291547117417,-13.805499393462512,1
4.391666666666667,0.7846740531379517,44.95851153822872,0.7851542849792165,2.2667320570704925,-13.93633975528923,1
4.395833333333333,0.7938915559287532,45.48663554579171,0.7944776578839458,2.2083993556955366,-14.062597944404667,1
4.4,0.8035345950396259,46.039140988524295,0.8035568951734303,2.149550028636285,-14.184328909335129,1
4.404166666666667,0.8134132825281943,46.60514808874796,0.8123898833972063,2.09020282318158,-14.301589038701154,1
4.408333333333333,0.8214489671009868,47.065558900267355,0.8209745864753857,2.0303762494330067,-14.41443591415473,1
4.4125,0.8289856229429674,47.49737747165546,0.8293090449604665,1.9700885731674018,-14.522928068673195,1
4.416666666666667,0.8380648098065965,48.017576560352026,0.8373913756398861,1.9093578150859638,-14.627124754440084,1
4.420833333333333,0.8427339470874883,48.285098420514316,0.8452197694681574,1.8482017491254317,-14.727085693947329,1
4.425,0.8537949779066999,48.91884880351927,0.8527924907164263,1.7866379002709292,-14.822870853286496,1
4.429166666666666,0.858589689500057,49.19356554180108,0.8601078761741565,1.7246835423962543,-14.914540222061616,1
4.433333333333334,0.8668480452694144,49.66673447310277,0.86716433465799,1.6623556989042878,-15.002153603511406,1
4.4375,0.8729832486860606,50.01825573533084,0.8739603449958948,1.599671145976325,-15.085770391806385,1
4.441666666666666,0.8793646324935701,50.38388209495426,0.8804944552193655,1.5366464142369005,-15.165449371799573,1
4.445833333333333,0.887778294309526,50.86594940725891,0.8867652818352709,1.4732977903471571,-15.241248526621424,1
4.45,0.892363362823086,51.128654481864224,0.8927715091170073,1.4096413199079245,-15.313224852552505,1
4.454166666666667,0.8988142690178448,51.4982641808587,0.8985118873374877,1.345692814602753,-15.381434168255014,1
4.458333333333333,0.9039442860951774,51.79219250821989,0.9039852320245966,1.2814678575598406,-15.44593094414971,1
4.4625,0.9096067200813421,52.11662607739857,0.9091904234262681,1.216981806645511,-15.506768141602182,1
4.466666666666667,0.9141934451784675,52.379426067250584,0.9141264054316369,1.152249801609671,-15.563997053073715,1
4.470833333333333,0.917672562405066,52.57876480076594,0.9187921843345448,1.0872867732545155,-15.617667148129648,1
4.475,0.9240562349458233,52.94452229514489,0.9231868281344371,1.0221074519453097,-15.667825933545693,1
4.479166666666667,0.9268785822297476,53.10623088283396,0.9273094661337257,0.956726371574854,-15.7145188243229,1
4.483333333333333,0.9298009136804952,53.27366814130014,0.931159287640923,0.8911578819308645,-15.757789011971989,1
4.4875,0.934361940308264,53.53499571731808,0.9347355412650921,0.8254161593974785,-15.797677347448266,1
4.491666666666666,0.9393471944369617,53.820629738692624,0.9380375344555563,0.7595152145833988,-15.834222234429726,1
4.495833333333334,0.9418065912378192,53.96154279552974,0.941064632799223,0.6934689016942591,-15.867459527360998,1
4.5,0.9435120027700845,54.05925567866148,0.9438162591545607,0.6272909322877052,-15.897422435314226,1
4.504166666666666,0.9459871083865399,54.2010687843335,0.9462918932304556,0.5609948866378969,-15.924141438468986,1
4.508333333333333,0.9482103916798222,54.328453533700525,0.9484910712115004,0.4945942210930617,-15.947644212471006,1
4.5125,0.9522256894993202,54.55851315224584,0.9504133849969557,0.428102283595633,-15.967955556026602,1
4.516666666666667,0.9523917834393065,54.568029634009754,0.9520584818807298,0.361532326659906,-15.985097330910857,1
4.520833333333333,0.9538013464278798,54.64879164421285,0.9534260642946706,0.2948975154695641,-15.999088409937288,1
4.525,0.9554149812222277,54.74124610760445,0.9545158892971439,0.22821094350730092,-16.009944629557438,1
4.529166666666667,0.9555361512234306,54.74818863727697,0.9553277683712765,0.16148564619264882,-16.01767875324806,1
4.533333333333333,0.9556355103414036,54.75388149539296,0.9558615672587037,0.09473461015109122,-16.022300442482948,1
4.5375,0.9559458581329418,54.7716631140293,0.9561172057005581,0.027970789213098184,-16.023816234067688,1
4.541666666666667,0.956032173493413,54.776608619891455,0.9560946573796805,-0.03879286934100146,-16.02221447831895,1
4.545833333333333,0.955761467711667,54.761098321107625,0.9557939502407696,-0.1055432356463114,-16.017429191238307,1
4.55,0.9558501439146101,54.766179093279504,0.9552151673510476,-0.17226701009926126,-16.009449785893995,1
4.554166666666666,0.9544037785924725,54.683308464686945,0.9543584472554624,-0.23895087295397066,-15.99827045440419,1
4.558333333333334,0.9538633331263636,54.652343220421926,0.9532239840473897,-0.3055814741477797,-15.983882361686113,1
4.5625,0.9517415890405283,54.53077623909672,0.9518120275447205,-0.37214541976152543,-15.96627367151473,1
4.566666666666666,0.9501915056187697,54.441963001136756,0.9501228834698223,-0.43862926116791273,-15.9454295799678,1
4.570833333333333,0.9464131546688891,54.225479438189346,0.9481569137219236,-0.5050194816424272,-15.921332357393933,1
4.575,0.946714183449638,54.242727116838225,0.9459145367021029,-0.571302484012748,-15.893961398391733,1
4.579166666666667,0.9436985958429159,54.0699466742211,0.9433962276066841,-0.6374645806507386,-15.863293278813167,1
4.583333333333333,0.9414734470469222,53.942455039422036,0.9406025189276601,-0.7034919792830596,-15.829301822712836,1
4.5875,0.935006541229438,53.5719286295716,0.9375340008458417,-0.7693707732719464,-15.791958175445718,1
4.591666666666667,0.9360137724198506,53.629638725776175,0.9341913216891612,-0.8350869313435879,-15.751230885019647,1
4.595833333333333,0.9304533736886376,53.31105134606777,0.9305751886192847,-0.9006262844155877,-15.707085993708649,1
4.6,0.9276534400498334,53.15062696564759,0.9266863681065287,-0.9659745173282482,-15.65948713462125,1
4.604166666666667,0.9216181973940889,52.8048330331361,0.9225256865110562,-1.0311171596495032,-15.608395637055416,1
4.608333333333333,0.9186287770457973,52.63355186398846,0.918094030935115,-1.0960395738531017,-15.553770642692301,1
4.6125,0.9124730713476501,52.280855907559996,0.9133923498461066,-1.1607269476973974,-15.495569226548758,1
4.616666666666666,0.9078773125510949,52.01753832485726,0.9084216536578892,-1.2251642876419393,-15.433746524899577,1
4.620833333333334,0.9048533232004978,51.84427649777554,0.9031830157449289,-1.2893364082274812,-15.368255876030865,1
4.625,0.8975111715181937,51.42360219383464,0.8976775733041401,-1.3532279251781123,-15.299048966626486,1
4.629166666666666,0.8920962737701221,51.113351406375244,0.8919065277931693,-1.416823251951563,-15.226075980307245,1
4.633333333333333,0.8866304234598744,50.80018125214778,0.8858711461290807,-1.4801065904049622,-15.149285762982572,1
4.6375,0.8800053257431728,50.42059111411902,0.8795727616937916,-1.5430619258934455,-15.06862599314281,1
4.641666666666667,0.8731440401576761,50.02746840803611,0.8730127749000761,-1.605673024882504,-14.984043353826124,1
4.645833333333333,0.8665111426892012,49.64743137714949,0.8661926541324804,-1.6679234303645214,-14.895483716337763,1
4.65,0.8612113127662409,49.34377349042671,0.8591139370034332,-1.729796456707006,-14.802892335014445,1
4.654166666666667,0.8517279493934,48.80041679357399,0.8517782312793637,-1.7912751898829287,-14.706214044550851,1
4.658333333333333,0.84436270730768,48.3784195069701,0.8441872152832901,-1.8523424870258154,-14.605393457149326,1
4.6625,0.8372595083145975,47.971436183624895,0.8363426393890533,-1.9129809725581877,-14.500375180196418,1
4.666666666666667,0.829211080445921,47.510295235034256,0.828246327071106,-1.9731730400899878,-14.391104034365299,1
4.670833333333333,0.820936054938511,47.03617119809656,0.8199001755808618,-2.032900855919606,-14.277525272625418,1
4.675,0.8118635538352199,46.5163551752502,0.8113061565648997,-2.092146359879043,-14.15958480396851,1
4.679166666666666,0.8014688577584167,45.92078296072818,0.8024663177130976,-2.1508912649920005,-14.037229436234373,1
4.683333333333334,0.7948082214765625,45.539156612906226,0.793382783559335,-2.209117066930265,-13.910407112292017,1
4.6875,0.7830573808425506,44.86588303884651,0.7840577559162129,-2.2668050488135214,-13.779067145709277,1
4.691666666666666,0.7747576140498017,44.39034143067917,0.7744935147847154,-2.323936285035142,-13.643160466787466,1
4.695833333333333,0.7640341899919363,43.77593449023443,0.7646924198444921,-2.380491645273629,-13.502639880372959,1
4.7,0.7546009397395312,43.2354490636809,0.7546569110057729,-2.436451811565602,-13.357460313227712,1
4.704166666666667,0.7446764079820802,42.666815280335406,0.7443895086562509,-2.491797283559043,-13.207579059754515,1
4.708333333333333,0.7341732517752364,42.06502875811662,0.733892814701004,-2.5465083865472473,-13.052956040582865,1
4.7125,0.7235377091564577,41.45565705322908,0.7231695138392624,-2.6005652803367756,-12.893554066081343,1
4.716666666666667,0.7136306024780618,40.888021653371126,0.7122223737369813,-2.653947983228832,-12.729339083835407,1
4.720833333333333,0.701450028499665,40.19012617236211,0.7010542451580574,-2.7066363779663565,-12.560280425778643,1
4.725,0.689454996097303,39.502861440584105,0.6896680629561236,-2.758610224418169,-12.386351066770997,1
4.729166666666667,0.6789081718538643,38.89857292416881,0.6780668470857213,-2.809849173449415,-12.20752788215862,1
4.733333333333333,0.6672917111197371,38.23299875122388,0.6662537023003849,-2.8603327969880445,-12.023791882319905,1
4.7375,0.6531605282694528,37.42334161437494,0.6542318181843205,-2.910040594961437,-11.83512844960726,1
4.741666666666666,0.6425257998921415,36.814016562087,0.6420044699836154,-2.9589520126251094,-11.641527582966763,1
4.745833333333334,0.630186907874929,36.10705012563306,0.6295750192260009,-3.0070464598597777,-11.442984134598372,1
4.75,0.6166872397556318,35.33357611757001,0.6169469128990018,-3.054303345609437,-11.239498017270058,1
4.754166666666666,0.6053242140606957,34.68252270275147,0.6041236833889754,-3.100702085784841,-11.031074417623142,1
4.758333333333333,0.5909780009032523,33.86054523683491,0.5911089491059888,-3.1462221255184386,-10.817724012162799,1
4.7625,0.5780160005705349,33.117877323723036,0.5779064144417322,-3.1908429646656353,-10.599463164086163,1
4.766666666666667,0.5643688348510122,32.33595232567877,0.5645198685098215,-3.234544193106002,-10.376314089957027,1
4.770833333333333,0.5509667803079721,31.568071163558436,0.550953185024241,-3.27730549990392,-10.148305035423366,1
4.775,0.5362536421428316,30.72507044330303,0.537210322631527,-3.3191067011771302,-9.91547044645298,1
4.779166666666667,0.5220386423587223,29.910610949894192,0.5232953238235983,-3.359927772540359,-9.677851104596709,1
4.783333333333333,0.5106037817570153,29.255441698095954,0.5092123135923654,-3.399748878591092,-9.435494244394969,1
4.7875,0.4942263859966892,28.317086041613823,0.4949654992049535,-3.438550388059025,-9.188453676373362,1
4.791666666666667,0.47969401689932967,27.48444262600878,0.4805591699331844,-3.4763129048107384,-8.936789894074373,1
4.795833333333333,0.46411850739400773,26.592031667587936,0.4659976947721217,-3.513017306950668,-8.680570130330157,1
4.8,0.45072792223477165,25.824807652753194,0.4512855215493456,-3.5486447644463244,-8.41986842197029,1
4.804166666666666,0.43527256273407694,24.939280782505964,0.4364271763938016,-3.5831767656560496,-8.15476566369277,1
4.808333333333334,0.42286019046141066,24.228104237536982,0.4214272619158086,-3.6165951527021662,-7.885349621345219,1
4.8125,0.4071716866527498,23.329219182425796,0.40629045500015304,-3.6488821520320056,-7.611714920030683,1
4.816666666666666,0.39042098157949556,22.369474477859953,0.3910215060430999,-3.6800203932677276,-7.333963039952973,1
4.820833333333333,0.37759085843942364,21.634362571300695,0.3756252373897702,-3.7099929421323687,-7.052202278482955,1
4.825,0.36096329226627344,20.681673206004696,0.360106540254751,-3.7387833360432867,-6.7665476649855,1
4.829166666666667,0.344186904741692,19.720457005370253,0.3444703735994937,-3.7663756010109894,-6.477120892453769,1
4.833333333333333,0.3265406194619469,18.709399334757027,0.32872176241533224,-3.7927542821422304,-6.184050218167395,1
4.8375,0.31486501884995777,18.04043669640969,0.3128657943066669,-3.817904477697252,-5.887470312833524,1
4.841666666666667,0.2956949871320315,16.942074785840592,0.29690761786903574,-3.841811857008675,-5.5875221238446695,1
4.845833333333333,0.2794165594069279,16.009389580083408,0.28085244068905724,-3.864462687833108,-5.284352711652668,1
4.85,0.26559788673180973,15.217637957326383,0.26470552568820427,-3.885843867191422,-4.97811503539603,1
4.854166666666667,0.2506012747599329,14.358395384342476,0.24847218913872915,-3.90594293893418,-4.668967751443135,1
4.858333333333333,0.23336580420191938,13.370875663446313,0.23215779828047586,-3.9247481182882753,-4.3570749856105,1
4.8625,0.2162598709625221,12.390777884196302,0.21576776742117523,-3.942248318460615,-4.042606058240348,1
4.866666666666666,0.19982657688345495,11.449219489968428,0.19930755580832543,-3.9584331662796775,-3.725735226049187,1
4.870833333333334,0.18352741024307442,10.515346031894198,0.18278266467365126,-3.9732930241852205,-3.4066413912328484,1
4.875,0.16686092342309478,9.560426677798953,0.16619863328912995,-3.986819011155945,-3.0855077755900084,1
4.879166666666666,0.1498064225768021,8.58327575760409,0.14956103676797025,-3.9990030160024834,-2.7625216136478064,1
4.883333333333333,0.13296641488317462,7.618414389791401,0.13287548226576595,-4.009837716457325,-2.437873800640977,1
4.8875,0.11609298277169613,6.651637943903166,0.11614760558024456,-4.0193165927791,-2.111758535486129,1
4.891666666666667,0.09872511014587816,5.656532143323002,0.09938306837183661,-4.027433939814241,-1.7843729641876882,1
4.895833333333333,0.08234261873286694,4.717884527448146,0.0825875539438476,-4.034184880325596,-1.4559167845978649,1
4.9,0.0642893809303884,3.683510194820093,0.06576676445547756,-4.039565373069684,-1.1265918701426285,1
4.904166666666667,0.04884059955330026,2.798360223292639,0.0489264170669378,-4.04357222207354,-0.7966018647733868,1
4.908333333333333,0.031209531913602668,1.7881744592282847,0.032072240402388645,-4.046203082889146,-0.46615177778600214,1
4.9125,0.014246907886638628,0.8162876930160405,0.015209971245401195,-4.047456467260789,-0.1354475782458049,1
4.916666666666667,-0.0014976621357025426,-0.08580971951230486,-0.0016546493978379703,-4.047331746562603,0.19530422649082188,1
4.920833333333333,-0.017301128405143647,-0.991281638428636,-0.018515879559743754,-4.04582915292734,0.5258970009705809,1
4.925,-0.034566597680907966,-1.9805201592427255,-0.03536798009843196,-4.042949779050041,0.8561244026587012,1
4.929166666666666,-0.05357573852852822,-3.0696637019811024,-0.05220521820663908,-4.038695576009354,1.1857807964642484,1
4.933333333333334,-0.06988548440417615,-4.00414330558663,-0.06902187093649972,-4.033069349606223,1.5146616670719109,1
4.9375,-0.08499125117502278,-4.869639987865104,-0.08581222891193742,-4.026074754552249,1.8425640309131466,1
4.941666666666666,-0.10342798158129377,-5.925986828164947,-0.10257059958746473,-4.017716287749507,2.1692868338398164,1
4.945833333333333,-0.1194873404804801,-6.846120314774184,-0.11929131107665138,-4.007999278649294,2.494631352967196,1
4.95,-0.1354887042201099,-7.762930923508643,-0.1359687152293841,-3.9969298798152066,2.818401575674533,1
4.954166666666667,-0.1534422313244027,-8.79159225395835,-0.1525971913728627,-3.984515053502684,3.1404045817998933,1
4.958333333333333,-0.1690791919832328,-9.687524104121422,-0.16917114945989292,-3.9707625593522424,3.460450903548621,1
4.9625,-0.18684919017012963,-10.705670002185736,-0.18568503331053615,-3.955680938369942,3.778354875016975,1
4.966666666666667,-0.20265811645244838,-11.611454756796043,-0.2021333241823529,-3.939279496365131,4.093934974856389,1
4.970833333333333,-0.2182314809198687,-12.503742813598228,-0.21851054330182784,-3.9215682874150004,4.407014134687841,1
4.975,-0.23620140497445524,-13.533343620096653,-0.234811255693767,-3.902558091707608,4.717420056979535,1
4.979166666666667,-0.25064568583881164,-14.360939951725852,-0.2510300725612751,-3.8822603987561477,5.024985489280646,1
4.983333333333333,-0.26717879155880514,-15.30821713172508,-0.26716165434634936,-3.8606873831234894,5.329548494249643,1
4.9875,-0.28271857550873924,-16.19858116660144,-0.28320071394817786,-3.8378518818424148,5.630952705074459,1
4.991666666666666,-0.29894661670202444,-17.128379436741124,-0.2991420186460835,-3.8137673738694065,5.929047538293744,1
4.995833333333334,-0.3137899563753374,-17.978840153901054,-0.3149803934734681,-3.788447950176122,6.223688414820949,1
5.0,-0.3306014444934427,-18.942067470402815,-0.3307107234872116,-3.761908292812511,6.514736941441793,1
5.004166666666666,-0.34670268268884114,-19.864600463933986,-0.346327955662894,-3.7341636489393784,6.802061065789961,1
5.008333333333333,-0.36172037740027035,-20.725050988914816,-0.3618271021050144,-3.705229798533999,7.085535235739966,1
5.0125,-0.3767291246850885,-21.58498886411333,-0.37720324165640257,-3.675123033805014,7.365040509938563,1
5.016666666666667,-0.39240888319236583,-22.483372850364667,-0.3924515216473628,-3.6438601298128868,7.640464650936935,1
5.020833333333333,-0.4075317378564013,-23.349848596803632,-0.40756716078942434,-3.611458310573649,7.911702219205873,1
5.025,-0.4231580536416328,-24.245170540636053,-0.4225454503279398,-3.577935228865299,8.178654616599573,1
5.029166666666667,-0.4379602456637667,-25.093273671046543,-0.43738175548247893,-3.54330893515809,8.441230115515635,1
5.033333333333333,-0.453295521991515,-25.971920282293404,-0.4520715179865783,-3.507597842451093,8.699343888514719,1
5.0375,-0.4650834632175193,-26.64731956369172,-0.4666102569517659,-3.470820706845394,8.952917990257598,1
5.041666666666667,-0.4820790452570817,-27.621094684926987,-0.48099356981197733,-3.4329965969354785,9.201881322656982,1
5.045833333333333,-0.4958218083771679,-28.408497010555966,-0.4952171345218818,-3.3941448569266637,9.446169604215598,1
5.05,-0.5099036388775762,-29.215326466047955,-0.5092767102698545,-3.354285088843672,9.68572529740139,1
5.054166666666666,-0.5223871690393465,-29.930580057741658,-0.5231681378860484,-3.3134371232741695,9.92049751438729,1
5.058333333333334,-0.5371447336547637,-30.776126226096668,-0.536887341504069,-3.271620983215032,10.150441928639816,1
5.0625,-0.5493414690017607,-31.47494768531763,-0.5504303293709515,-3.228856864623198,10.375520657914118,1
5.066666666666666,-0.5643809252518586,-32.336645054619886,-0.5637931938081402,-3.1851651119010285,10.595702119048601,1
5.070833333333333,-0.5767286436799612,-33.04411720716608,-0.5769721120161937,-3.140566185671161,10.810960883849813,1
5.075,-0.5906923249234565,-33.844177208884346,-0.5899633470996457,-3.095080636304796,11.021277526584049,1
5.079166666666667,-0.6008912521771654,-34.42853269608282,-0.6027632479384619,-3.048729087448733,11.226638441663482,1
5.083333333333333,-0.6164046240572132,-35.31738343082649,-0.615368248927036,-3.0015322102067357,11.427035648836423,1
5.0875,-0.6275045013291571,-35.953359551622064,-0.6277748709033736,-2.953510689984218,11.622466607978252,1
5.091666666666667,-0.6394266466189089,-36.63644815946661,-0.6399797212836732,-2.9046852150242617,11.812934013368405,1
5.095833333333333,-0.6516183854615345,-37.33498334007477,-0.65197949329615,-2.855076454843147,11.998445565810535,1
5.1,-0.6639326599289783,-38.04053929482501,-0.6637709659434419,-2.8047050358117867,12.179013749883097,1
5.104166666666667,-0.6754642943115492,-38.70125327583427,-0.6753510043791696,-2.753591517305047,12.354655611789221,1
5.108333333333333,-0.6866783268745166,-39.34377001301457,-0.6867165595963256,-2.701756383301837,12.525392522197885,1
5.1125,-0.6979929506516153,-39.992050202220696,-0.6978646672048433,-2.649220022362945,12.691249920902589,1
5.116666666666666,-0.7079513042199668,-40.56262183258628,-0.7087924474289311,-2.5960027055598056,12.852257077175539,1
5.120833333333334,-0.7175680598350218,-41.11362134193767,-0.7194971050634636,-2.5421245721116525,13.008446847245324,1
5.125,-0.7304624321302491,-41.85241445392461,-0.7299759287701887,-2.487605620780592,13.15985542052141,1
5.129166666666666,-0.7414216682884265,-42.48033243247534,-0.7402262896835623,-2.4324656954067905,13.306522054943288,1
5.133333333333333,-0.7503226817882518,-42.9903229394043,-0.7502456411675451,-2.376724466222054,13.448488829295867,1
5.1375,-0.7577802975094342,-43.41761284545847,-0.7600315185937597,-2.320401421762773,13.585800396660872,1
5.141666666666667,-0.7702828766988364,-44.13395786603931,-0.7695815383325557,-2.263515861988763,13.71850372779497,1
5.145833333333333,-0.7774629970192896,-44.54534845679739,-0.778893396273278,-2.206086888763587,13.846647850000299,1
5.15,-0.7865007971676018,-45.063176261378395,-0.787964867321053,-2.148133392691683,13.970283602441862,1
5.154166666666667,-0.7972769019654246,-45.68060158588432,-0.796793805089518,-2.0896740484886287,14.089463397375432,1
5.158333333333333,-0.8048816092969446,-46.11631922041261,-0.8053781407029406,-2.030727311160787,14.204240972515965,1
5.1625,-0.8122948371501204,-46.54106588896841,-0.8137158812802179,-1.971311411005219,14.314671143401016,1
5.166666666666667,-0.8221359606236331,-47.10492072966782,-0.8218051092553391,-1.9114443463311441,14.420809571797312,1
5.170833333333333,-0.8298216394028093,-47.545277686407864,-0.8296439820240001,-1.851143881272539,14.522712543381871,1
5.175,-0.8377383429545406,-47.998871387578305,-0.83723073059732,-1.790427545348786,14.620436737348959,1
5.179166666666666,-0.8454492004750742,-48.44067097993159,-0.844563658172206,-1.7293126326506802,14.714039000810347,1
5.183333333333334,-0.8522077409023499,-48.82790682208302,-0.8516411393563165,-1.6678161999070586,14.80357613783063,1
5.1875,-0.8595297091833998,-49.24742470231585,-0.8584616198082629,-1.6059550663043733,14.889104709910207,1
5.191666666666666,-0.8649938712884515,-49.56049812951063,-0.8650236147255327,-1.5437458167294906,14.970680827991664,1
5.195833333333333,-0.8719976360514305,-49.96178429113177,-0.871325707649721,-1.4812048045086221,15.04835995540811,1
5.2,-0.8771625330001626,-50.25771108791411,-0.8773665496954388,-1.4183481538302256,15.122196723059806,1
5.204166666666667,-0.8845026342492497,-50.678267910685506,-0.8831448591570648,-1.3551917612901168,15.192244756114151,1
5.208333333333333,-0.8883706724050818,-50.89989017201025,-0.8886594198791771,-1.2917513032490298,15.258556492421834,1
5.2125,-0.8931816891539794,-51.17554112688884,-0.8939090803935197,-1.2280422414631678,15.321183017836123,1
5.216666666666667,-0.9006326158586135,-51.602447780525694,-0.8988927532897517,-1.1640798278279092,15.3801739115972,1
5.220833333333333,-0.9032829886333709,-51.754302954655664,-0.9036094145699987,-1.099879109058378,15.435577098739307,1
5.225,-0.9069867589537308,-51.96651336229811,-0.9080581022558959,-1.0354549369669188,15.487438700957323,1
5.229166666666667,-0.9132935266849539,-52.327864535666485,-0.9122379157577869,-0.9708219768911102,15.535802904210119,1
5.233333333333333,-0.9146884207073999,-52.40778607602066,-0.9161480154638127,-0.9059947122642981,15.580711836197919,1
5.2375,-0.9194219586416019,-52.67899782181552,-0.919787621708696,-0.8409874551450611,15.622205443972868,1
5.241666666666666,-0.9237712528807354,-52.92819402557843,-0.9231560139733064,-0.7758143573826413,15.660321381849792,1
5.245833333333334,-0.9263011981407898,-53.07314921137868,-0.9262525304394934,-0.710489419217735,15.69509491089421,1
5.25,-0.9285893353148128,-53.20424981439718,-0.9290765674611127,-0.6450264969513659,15.726558804764592,1
5.254166666666666,-0.9315612514856709,-53.37452806805403,-0.9316275787021416,-0.5794393167355669,15.754743259213004,1
5.258333333333333,-0.9334349214515524,-53.481881449299465,-0.9339050747482043,-0.5137414860798399,15.7796758144869,1
5.2625,-0.9367120620687662,-53.66964777553671,-0.9359086227919962,-0.44794650076071213,15.80138128579029,1
5.266666666666667,-0.9374900507463566,-53.714223243271604,-0.9376378459465227,-0.38206775975229934,15.819881696927437,1
5.270833333333333,-0.9403261215883847,-53.876718132919926,-0.9390924229556763,-0.31611857782239283,15.835196225818478,1
5.275,-0.9403691510172969,-53.87918353759146,-0.9402720879680689,-0.25011219368852505,15.84734115789037,1
5.279166666666667,-0.941965438323033,-53.970644063100444,-0.9411766300991582,-0.18406178484335367,15.856329844411373,1
5.283333333333333,-0.9424477642261364,-53.998279301698105,-0.9418058932638766,-0.1179804806583593,15.862172671128869,1
5.2875,-0.9410810812473358,-53.919974135080466,-0.9421597760357785,-0.0518813715562972,15.86487703431524,1
5.291666666666667,-0.9412858837097852,-53.931708451812696,-0.9422382314480204,0.014222474238733481,15.864445300692982,1
5.295833333333333,-0.941509693808711,-53.944531825893556,-0.942041267099173,0.08031789598845984,15.860820406984008,1
5.3,-0.9425221686558491,-54.002542361497724,-0.9415689459455943,0.1463915032712923,15.853973885878705,1
5.304166666666666,-0.9410975053178631,-53.920915165004104,-0.9408213868564478,0.21242986449821852,15.843901265113352,1
5.308333333333334,-0.9387401372648008,-53.785847924804656,-0.9397987647154511,0.2784195230179314,15.830595165091879,1
5.3125,-0.9383776392082889,-53.76507831608483,-0.9385013105457279,0.34434698575766737,15.81404532138315,1
5.316666666666666,-0.9349053148409868,-53.56612878473799,-0.9369293116865591,0.4101987108388305,15.794238615154152,1
5.320833333333333,-0.9347398774729,-53.556649921772866,-0.9350831120381131,0.4759610953885181,15.77115911170986,1
5.325,-0.9327955178232575,-53.44524631999282,-0.9329631122936723,0.5416204653903643,15.744788106167814,1
5.329166666666667,-0.9308395253392503,-53.33317620589989,-0.9305697703356275,0.6071630619185564,15.715104178469675,1
5.333333333333333,-0.9277870651164931,-53.15828311800434,-0.9279036015402202,0.6725750320534025,15.682083254570877,1
5.3375,-0.925098234230125,-53.00422445639103,-0.9249651791973842,0.7378424175691548,15.645698676389031,1
5.341666666666667,-0.9211371936815324,-52.77727355047649,-0.9217551350750401,0.8029511423837437,15.605921280875105,1
5.345833333333333,-0.9174392795053402,-52.565398675179075,-0.9182741597748164,0.8678870052535389,15.562719483874554,1
5.35,-0.9152089085378495,-52.437607831993354,-0.9145230033392576,0.9326356685029483,15.516059374447416,1
5.354166666666667,-0.9116641958714782,-52.234510756623706,-0.9105024759639466,0.9971826469713223,15.465904817862931,1
5.358333333333333,-0.9078158398920746,-52.01401620093995,-0.9062134484169014,1.0615133018817302,15.412217562351314,1
5.3625,-0.9012135467059735,-51.635732666268375,-0.9016568527672835,1.1256128310829772,15.354957357025572,1
5.366666666666666,-0.8977965522576641,-51.43995330576061,-0.8968336832509496,1.1894662593618917,15.294082078873474,1
5.370833333333334,-0.8936237482760516,-51.20086924887883,-0.89174499681194,1.253058433022723,15.229547863044889,1
5.375,-0.8860528150027612,-50.76708672534413,-0.8863919138053548,1.3163740131743162,15.161309242396861,1
5.379166666666666,-0.8786000665356779,-50.34007569240766,-0.8807756190271695,1.37939746704454,15.089319298410636,1
5.383333333333333,-0.8749026603652056,-50.128229923693965,-0.8748973624954571,1.442113063392041,15.013529816166196,1
5.3875,-0.8680267386849441,-49.73426863115248,-0.868758459923033,1.5045048695970877,14.933891442447134,1
5.391666666666667,-0.8622888843812677,-49.40551379609085,-0.8623602939678402,1.5665567436895766,14.85035386075468,1
5.395833333333333,-0.8557906126738382,-49.033190253125866,-0.8557043151716212,1.6282523319884785,14.762865969241233,1
5.4,-0.8479899969096819,-48.58624789223649,-0.8487920424449712,1.6895750680141883,14.671376059518304,1
5.404166666666667,-0.8418783764234081,-48.236077832387316,-0.8416250640968672,1.75050816871959,14.575832009027,1
5.408333333333333,-0.8339716952126855,-47.78305836905752,-0.8342050390264396,1.811034631708813,14.476181482002819,1
5.4125,-0.8262529632366974,-47.34080760364073,-0.8265336975324256,1.8711372377239994,14.372372131550268,1
5.416666666666667,-0.8191958606138495,-46.93646540776084,-0.8186128417079889,1.9307985508506122,14.26435180214185,1
5.420833333333333,-0.8095786266804857,-46.3854384927891,-0.8104443469464174,1.99000091639068,14.152068752562688,1
5.425,-0.8021828440498706,-45.96169136185869,-0.8020301628592295,2.0487264654468316,14.035471876387701,1
5.429166666666666,-0.7940318259030982,-45.494672423314086,-0.7933723138361402,2.106957119905221,13.914510922589066,1
5.433333333333334,-0.7840047065163376,-44.92016080177889,-0.7844728996783208,2.1646745943045276,13.789136721744667,1
5.4375,-0.7761181583846357,-44.468294878905596,-0.7753340971593357,2.221860397482069,13.6593014293711,1
5.441666666666666,-0.7659335679630145,-43.88476083167733,-0.7659581606621702,2.2784958448757004,13.524958760150318,1
5.445833333333333,-0.7563553803399035,-43.33597110548863,-0.7563474225141075,2.3345620641476867,13.386064221371727,1
5.45,-0.7455566712244508,-42.71725064898374,-0.7465042938722792,2.3900400004890203,13.242575356849803,1
5.454166666666667,-0.7360170137283848,-42.17066853645882,-0.7364312660842425,2.4449104226883356,13.09445200015813,1
5.458333333333333,-0.726152751158945,-41.60548792322104,-0.7261309110173517,2.499153942830648,12.94165651441955,1
5.4625,-0.714892245511195,-40.960308474421744,-0.7156058812328397,2.5527510220223406,12.784154031284949,1
5.466666666666667,-0.7036457260122797,-40.31593037292231,-0.7048589109631014,2.6056819801193676,12.621912701881065,1
5.470833333333333,-0.6934060358791375,-39.729239344771514,-0.6938928172015074,2.6579270067938565,12.454903949557174,1
5.475,-0.6827014652525838,-39.115912626370275,-0.6827104996177075,2.709466187495727,12.283102703659754,1
5.479166666666667,-0.6724597337055838,-38.52910463382118,-0.6713149406305103,2.760279509619469,12.106487634560226,1
5.483333333333333,-0.6606386933403627,-37.85180891144023,-0.6597092063239306,2.810346877001733,11.925041398713168,1
5.4875,-0.6481628059763686,-37.13699321980277,-0.6478964471738978,2.8596481262762277,11.738750877977791,1
5.491666666666666,-0.6364117972275293,-36.463710013472976,-0.6358798974895913,2.908163057714392,11.54760739434519,1
5.495833333333334,-0.6238260386467208,-35.74259916482209,-0.6236628754045288,2.9558714420761887,11.351606929105992,1
5.5,-0.6111993472514268,-35.01914303865759,-0.6112487836369499,3.0027530400307447,11.150750347994329,1
5.504166666666666,-0.5981788655362424,-34.27312438915027,-0.5986411096656166,3.0487876243844156,10.945043610787787,1
5.508333333333333,-0.5859049465123399,-33.56988063099532,-0.5858434247225517,3.0939550131301767,10.734497953786526,1
5.5125,-0.5724348309496727,-32.798099859701004,-0.5728593837247293,3.1382350773402057,10.519130079999965,1
5.516666666666667,-0.5596364612569469,-32.06480729165967,-0.5596927257980335,3.18160776587953,10.298962349305727,1
5.520833333333333,-0.5480711933805401,-31.40216625340333,-0.546347273588243,3.2240531342917556,10.074022938711769,1
5.525,-0.5336466567962951,-30.575701185694037,-0.5328269320261624,3.265551374940085,9.844345982174906,1
5.529166666666667,-0.5192614283147491,-29.751488306370067,-0.5191356882018244,3.3060828285938766,9.609971717930108,1
5.533333333333333,-0.5063332692439316,-29.010759354738454,-0.5052776114335995,3.3456280136550856,9.370946626071847,1
5.5375,-0.4907333148755097,-28.116947808831206,-0.4912568514562968,3.3841676617703187,9.127323520488929,1
5.541666666666667,-0.47574180532099203,-27.257997582827294,-0.4770776374235941,3.4216827384565063,8.879161640834907,1
5.545833333333333,-0.4616807072409681,-26.45235600752242,-0.46274427759645914,3.4581544645886724,8.62652674157443,1
5.55,-0.4484474223471866,-25.69414463401451,-0.44826115830405455,3.4935643482094583,8.369491152597709,1
5.554166666666666,-0.43233183761252886,-24.770789644333163,-0.4336327415792072,3.5278942199398196,8.108133799889735,1
5.558333333333334,-0.41873382771035517,-23.99168106716151,-0.4188635645412924,3.561126247429062,7.842540241047913,1
5.5625,-0.40425240146772196,-23.161956462128632,-0.40395823846480733,3.593242966320354,7.572802677466271,1
5.566666666666666,-0.38945674085819926,-22.314227554095023,-0.38892144605223467,3.6242273163141676,7.299019916227461,1
5.570833333333333,-0.37402189463540236,-21.42987600809532,-0.37375794003956775,3.6540626605462045,7.021297338302567,1
5.575,-0.3588112902884031,-20.55837257516892,-0.35847254211023005,3.682732811294762,6.739746853809364,1
5.579166666666667,-0.34292142398796205,-19.647950299126492,-0.3430701401969252,3.7102220641688604,6.454486808758194,1
5.583333333333333,-0.3274155589970448,-18.759529677447276,-0.3275556862301625,3.73651522206641,6.1656418813032134,1
5.5875,-0.31193153672706325,-17.872360551490758,-0.3119341948811012,3.761597616397873,5.873342977666566,1
5.591666666666667,-0.2958294402435704,-16.94977838167417,-0.296210740728056,3.7854551389988225,5.5777270794837674,1
5.595833333333333,-0.2793514205774395,-16.005657400071303,-0.2803904554635208,3.8080742665334832,5.278937073204948,1
5.6,-0.26364988407996803,-15.106025626895562,-0.264478526384437,3.829442079459058,4.977121585304063,1
5.604166666666667,-0.24977601115674058,-14.3111112628938,-0.2484801932264593,3.8495462910685334,4.672434767624316,1
5.608333333333333,-0.23462946180382357,-13.443277910785046,-0.23240074517180812,3.868375269124388,4.365036068274518,1
5.6125,-0.21543017106526335,-12.343239581820937,-0.21624551900116668,3.885918053655107,4.0550900071424065,1
5.616666666666666,-0.20121272214695402,-11.528639763358974,-0.20001989545881782,3.902164382447541,3.7427659001944957,1
5.620833333333334,-0.18392544120607468,-10.53815152618964,-0.1837292963906949,3.9171047080346315,3.428237582729579,1
5.625,-0.16840029862091635,-9.648626379721245,-0.16737918237465585,3.930730214720672,3.1116831268408207,1
5.629166666666666,-0.15254757329594584,-8.740332124820277,-0.15097504871133086,3.9430328390017615,2.793284512603097,1
5.633333333333333,-0.13404990748313012,-7.680493942902507,-0.13452242285233035,3.954005282073547,2.4732273138219196,1
5.6375,-0.11736437341218856,-6.724483261715816,-0.11802686126622788,3.9636410251048715,2.1517003603118283,1
5.641666666666667,-0.1019970457452094,-5.844000244003289,-0.10149394551197574,3.9719343431832455,1.8288953733544613,1
5.645833333333333,-0.08719039069412188,-4.9956414008699115,-0.0849292797413044,3.9788803145909,1.5050066189445535,1
5.65,-0.06881517485702977,-3.942819085762584,-0.06833848664989249,3.9844748324256654,1.180230521641182,1
5.654166666666667,-0.051385290914723866,-2.944160298465611,-0.05172720441056267,3.9887146117611327,0.8547652900253152,1
5.658333333333333,-0.03639167706670768,-2.0850895053253775,-0.035101083255660526,3.9915971965509187,0.5288105288871632,1
5.6625,-0.018305770024530998,-1.0488433631427196,-0.018465781740347943,3.99312096482555,0.20256684015562818,1
5.666666666666667,-0.0018403239523565747,-0.10544279540686652,-0.0018269635885539495,3.9932851317098548,-0.12376456833223766,1
5.670833333333333,0.015315233254479196,0.8774982277400663,0.014809706054636475,3.9920897513301083,-0.4499822879152251,1
5.675,0.03154291750832508,1.8072760467563378,0.03143856395084634,3.989535716696294,-0.7758851067032339,1
5.679166666666666,0.04720478952367254,2.7046352125098,0.0480539523670364,3.9856247581458613,-1.1012724118213058,1
5.683333333333334,0.06569442814141285,3.7640134700284213,0.06465022251943395,3.9803594398810676,-1.4259445865000473,1
5.6875,0.08108339483561249,4.645736312673451,0.08122173798616755,3.9737431552367495,-1.7497034030566168,1
5.691666666666666,0.09773905058676063,5.600035092237037,0.09776287829252009,3.9657801196632545,-2.0723524142959118,1
5.695833333333333,0.11345361218396831,6.500413148655398,0.11426804211842806,3.9564753631499046,-2.3936973313021457,1
5.7,0.13034481413421628,7.468207731307753,0.1307316508741635,3.945834719608828,-2.7135464007287213,1
5.704166666666667,0.14637601587546148,8.386727931603879,0.14714815190497904,3.9338648164517145,-3.031710766049434,1
5.708333333333333,0.1633610978170339,9.359901441539849,0.16351202172573465,3.920573061079989,-3.3480048191976852,1
5.7125,0.1813115169559906,10.388384698692924,0.179817769515351,3.905967626795212,-3.6622465459915063,1
5.716666666666667,0.19486273016067826,11.164812022603478,0.19605993975847955,3.8900574379562314,-3.9742578426996578,1
5.720833333333333,0.2108250180802107,12.079383751765347,0.21223311603401226,3.872852150924844,-4.283864841182759,1
5.725,0.22961576165287606,13.15601405239165,0.22833192334925573,3.8543621389177654,-4.590898191908398,1
5.729166666666667,0.24416836211957604,13.989816640073672,0.24435103148801013,3.8345984694406283,-4.895193350919802,1
5.733333333333333,0.259701281828266,14.879787382897183,0.26028515793951357,3.8135728854508413,-5.196590842941973,1
5.7375,0.27703655811883043,15.873025551039724,0.2761290700837312,3.7912977848059763,-5.494936493643333,1
5.741666666666666,0.29134908944835125,16.693073190370033,0.2918775887068338,3.7677861936050525,-5.790081669547539,1
5.745833333333334,0.3091190840787036,17.711218884659356,0.30752558999496393,3.7430517475965037,-6.081883471751496,1
5.75,0.32365960983930203,18.5443296426429,0.3230680079123359,3.717108665730936,-6.370204918437838,1
5.754166666666666,0.338074054303989,19.370216474495173,0.3384998373304982,3.689971722516319,-6.654915122762623,1
5.758333333333333,0.355698742015058,20.380036695575516,0.3538161354499681,3.6616562282722396,-6.935889420578,1
5.7625,0.36848343827816876,21.112545833808436,0.36901202426491236,3.6321779979042668,-7.213009498203292,1
5.766666666666667,0.3847302934748619,22.04342206693914,0.38408269309459314,3.601553324303541,-7.486163502572547,1
5.770833333333333,0.39928458173838133,22.877321358255593,0.39902339969063716,3.569798956553705,-7.7552461067148855,1
5.775,0.41496545607197977,23.7757692766458,0.4138294724965215,3.536932066297741,-8.020158577074014,1
5.779166666666667,0.4298589883283165,24.629105816975848,0.4284963127438345,3.502970221539714,-8.28080881952998,1
5.783333333333333,0.44304732414284453,25.384741797949534,0.4430193952540697,3.4679313641521237,-8.537111384186076,1
5.7875,0.4567367891457495,26.169090366408035,0.45739427026979473,3.4318337757509214,-8.788987470354968,1
5.791666666666667,0.4720179667378238,27.04463734842378,0.4716165653197367,3.3946960503229127,-9.036364914873788,1
5.795833333333333,0.485090567494165,27.793642199021658,0.48568198572384225,3.356537073114284,-9.27917813990572,1
5.8,0.5013433276159877,28.724856759440623,0.49958631578663737,3.317375988155375,-9.51736809623241,1
5.804166666666666,0.5134445701227451,29.41820688194214,0.5133254205691105,3.277232167531813,-9.75088220082645,1
5.808333333333334,0.5265764430187011,30.170607775982656,0.5268952462136456,3.236125193559439,-9.979674234998722,1
5.8125,0.5404529843227038,30.965675026940975,0.5402918203526572,3.1940748300425787,-10.203704229558186,1
5.816666666666666,0.5523356642501407,31.64650243608793,0.5535112537097641,3.151100987469545,-10.422938356380868,1
5.820833333333333,0.5657018472503945,32.41232831020198,0.566549740451925,3.1072237088655412,-10.63734878695018,1
5.825,0.5804511167488303,33.257399203363384,0.5794035579948122,3.062463143872936,-10.846913529604217,1
5.829166666666667,0.5914958195181999,33.89021405802471,0.5920690679184781,3.0168395174478784,-11.051616274107623,1
5.833333333333333,0.6036291144381603,34.58540064852597,0.6045427166193147,2.9703731098780555,-11.251446221940352,1
5.8375,0.6172893528286316,35.368074655442555,0.616821034955057,2.9230842392340817,-11.446397890979595,1
5.841666666666667,0.6299353601002835,36.092637499799956,0.6289006380276112,2.8749932372460263,-11.636470914058316,1
5.845833333333333,0.6414056310571798,36.7498356155016,0.6407782259352189,2.8261204197320637,-11.821669845222974,1
5.85,0.6533197993244543,37.43246717362512,0.6524505837432452,2.776486077658751,-12.002003947536126,1
5.854166666666667,0.6632541522414338,38.00166366796153,0.6639145805443568,2.7261104564975853,-12.17748696038209,1
5.858333333333333,0.6739264055822206,38.613138742283006,0.6751671694559517,2.6750137337737376,-12.348136876734163,1
5.8625,0.687515548603488,39.39173928460128,0.6862053878336073,2.6232159993377793,-12.513975719528517,1
5.866666666666666,0.6967447655699257,39.9205344649887,0.6970263568508057,2.570737247484923,-12.675029305331593,1
5.870833333333334,0.7074083871118678,40.531514973666766,0.7076272802123603,2.5175973596016803,-12.831326992175685,1
5.875,0.7191645121537564,41.20509132199504,0.7180054441097081,2.463816084273434,-12.982901444575116,1
5.879166666666666,0.7286436193608034,41.74820415851087,0.7281582171076814,2.409413025779455,-13.129788396560176,1
5.883333333333333,0.738480886486438,42.31183804675253,0.7380830493543177,2.354407636436133,-13.272026404416097,1
5.8875,0.7496667921592455,42.95274323183584,0.7477774711976494,2.2988192046632574,-13.40965659123714,1
5.891666666666667,0.7566775172925267,43.35442819329915,0.7572390928883638,2.2426668389721067,-13.542722408386238,1
5.895833333333333,0.767275297598739,43.96163627705197,0.7664656043403818,2.1859694616711205,-13.671269399536051,1
5.9,0.7755045273925784,44.43313641288228,0.7754547740552631,2.1287458032928157,-13.795344954876827,1
5.904166666666667,0.7844388386935834,44.94503474328591,0.7842044477130035,2.071014395257635,-13.914998063614602,1
5.908333333333333,0.7940463879772875,45.495506768706086,0.7927125476496037,2.0127935593616817,-14.030279082263224,1
5.9125,0.8014202428591969,45.91799753218143,0.8009770725588664,1.954101404511185,-14.141239509817847,1
5.916666666666667,0.8094658481530214,46.37897675914569,0.8089960962065218,1.8949558242373188,-14.247931753383671,1
5.920833333333333,0.8177037052931432,46.850971205506376,0.8167677660787505,1.8353744935334473,-14.350408897770162,1
5.925,0.8239718213783188,47.21010780268501,0.824290302715552,1.7753748638453979,-14.448724489393681,1
5.929166666666666,0.8308296507964936,47.60303248496708,0.8315619993869752,1.7149741619950403,-14.542932329992121,1
5.933333333333334,0.837669452593239,47.99492426062659,0.8385812206177777,1.6541893912335097,-14.633086260544466,1
5.9375,0.8436304311812767,48.336463175489,0.8453464010189216,1.5930373317324134,-14.71923995537593,1
5.941666666666666,0.8536504237987323,48.91056646322145,0.8518560445727102,1.5315345403818965,-14.801446728346521,1
5.945833333333333,0.8571459933532497,49.11084784568972,0.8581087242691191,1.469697351486858,-14.879759349775192,1
5.95,0.8639100002733441,49.49839689480841,0.8641030804840211,1.4075418817870893,-14.95422985370536,1
5.954166666666667,0.8695962549236684,49.82419528750864,0.8698378200984871,1.3450840339949741,-15.024909361552293,1
5.958333333333333,0.8755799788145032,50.16703741222507,0.8753117158635306,1.282339499846638,-15.09184791561218,1
5.9625,0.8812354708439913,50.49107323658461,0.8805236058344987,1.219323763247404,-15.15509432025044,1
5.966666666666667,0.8862232966389263,50.77685460358087,0.8854723918640264,1.1560521087927622,-15.214695978473527,1
5.970833333333333,0.8896482079196338,50.97308756517216,0.89015703897449,1.092539628050367,-15.27069874668248,1
5.975,0.894430733701741,51.2471061078994,0.8945765749095984,1.02880122346313,-15.323146798622894,1
5.979166666666667,0.8989766866806939,51.50757002745833,0.8987300891538866,0.9648516165268575,-15.372082490047653,1
5.983333333333333,0.9023997080361228,51.70369470430755,0.9026167319847426,0.9007053575057699,-15.417546231151242,1
5.9875,0.9076383875912993,52.00384893304064,0.9062357139653536,0.8363768334562353,-15.459576371620159,1
5.991666666666666,0.9100147619738804,52.140005155705545,0.909586305501335,0.7718802735857028,-15.498209093582163,1
5.995833333333334,0.9133091376477541,52.32875897794907,0.9126678357994373,0.7072297620635655,-15.533478304812657,1
6.0,0.916058165447644,52.4862666686469,0.9154796924132418,0.6424392483918197,-15.565415546274258,1
6.004166666666666,0.9190453700425734,52.657420884478434,0.9180213209176135,0.5775225535880996,-15.594049908298974,1
6.008333333333333,0.920450195268792,52.73791144089428,0.9202922241579684,0.5124933827326379,-15.619407949092153,1
6.0125,0.9211602624276812,52.77859529226947,0.9222919617945253,0.4473653373835298,-15.641513624005125,1
6.016666666666667,0.924368943588469,52.962439180585754,0.9240201500515371,0.38215192367168094,-15.66038822432401,1
6.020833333333333,0.9249080451165022,52.993327422871104,0.9254764612366136,0.3168665639141388,-15.67605032059942,1
6.025,0.9261993182982892,53.067311926385926,0.9266606233771641,0.251522610483392,-15.688515714588851,1
6.029166666666667,0.928084119199299,53.17530306323625,0.9275724200621739,0.18613335483760635,-15.697797400646445,1
6.033333333333333,0.9292922959730251,53.24452649327649,0.9282116901396138,0.1207120397648102,-15.703905532608847,1
6.0375,0.9285968904975725,53.20468269448276,0.9285783275450158,0.055271873253792285,-15.706847399367762,1
6.041666666666667,0.9289417888491979,53.22444391439192,0.9286722812037627,-0.010173963753455889,-15.70662637317521,1
6.045833333333333,0.9299790178102597,53.2838727562495,0.9284935550422329,-0.07561220864610532,-15.703189906779102,1
6.05,0.9282523055330637,53.18493943033275,0.9280422087497276,-0.14102937020647394,-15.696506159895534,1
6.054166666666666,0.9295887551962323,53.26151235556399,0.9273183583744329,-0.20641191096029735,-15.686571043639395,1
6.058333333333334,0.9268156766708584,53.1026266598017,0.9263221764074555,-0.2717462704181277,-15.673377684175543,1
6.0625,0.9235173365454711,52.913645691218356,0.9250538919201595,-0.3370188530621744,-15.656916444702773,1
6.066666666666666,0.9241712052918923,52.9511096107438,0.9235137907078631,-0.40221601834088083,-15.637174954687264,1
6.070833333333333,0.9220348389731956,52.82870483718858,0.9217022155338062,-0.46732406772417395,-15.614138147570504,1
6.075,0.920745087973949,52.75480754830897,0.9196195663691786,-0.5323292347714416,-15.587788305592799,1
6.079166666666667,0.9178537622395941,52.58914678653287,0.9172663006874598,-0.5972176742134183,-15.558105112515076,1
6.083333333333333,0.9145221082479489,52.398257074013685,0.9146429338874291,-0.6619754495094703,-15.525065715157146,1
6.0875,0.9106816378219401,52.17821432725857,0.9117500395844206,-0.7265885251337866,-15.488644790494941,1
6.091666666666667,0.9084058429059951,52.0478208835376,0.9085882501086393,-0.7910427547360167,-15.448814622581999,1
6.095833333333333,0.9044160379408283,51.81922189795319,0.9051582570549037,-0.8553238703950223,-15.405545187337486,1
6.1,0.9009542093515411,51.62087373038931,0.9014608116307475,-0.9194174762041853,-15.358804242033216,1
6.104166666666667,0.8980103568914519,51.45220340891699,0.8974967253382882,-0.983309036881284,-15.30855742618732,1
6.108333333333333,0.8947241372431952,51.26391689251892,0.8932668706534544,-1.0469838684980393,-15.25476836964725,1
6.1125,0.8891165972940173,50.94262851998002,0.8887721814110525,-1.110427133426691,-15.197398804160553,1
6.116666666666666,0.8829700487819029,50.59045723166345,0.8840136536269702,-1.1736238303289457,-15.13640868761834,1
6.120833333333334,0.8793803353368846,50.384781801602536,0.878992346315705,-1.2365587863556373,-15.071756335397888,1
6.125,0.8747536399185807,50.1196916810412,0.8737093819498306,-1.299216653094443,-15.003398554244187,1
6.129166666666666,0.867633811306452,49.711755550709746,0.8681659472765894,-1.3615818994654791,-14.931290787696264,1
6.133333333333333,0.8622463422597311,49.40307631207527,0.8623632943003628,-1.4236388048778372,-14.855387270629317,1
6.1375,0.8563155588064499,49.063267450996236,0.85630274093849,-1.4853714562326372,-14.775641186466196,1
6.141666666666667,0.8493007186018989,48.661346713316775,0.8499856715947306,-1.5467637448589673,-14.692004830027459,1
6.145833333333333,0.8439792697608803,48.356450153831624,0.8434135383585387,-1.6077993599359406,-14.604429785180175,1
6.15,0.8364823147025758,47.92690626979152,0.8365878618734457,-1.6684617878959798,-14.512867104647544,1
6.154166666666667,0.8298763428510127,47.54841196311474,0.829510231727757,-1.7287343119675649,-14.417267489839881,1
6.158333333333333,0.8214078245824173,47.063201607594785,0.8221823076118344,-1.7886000085912042,-14.317581486892124,1
6.1625,0.8142240659875998,46.65160255907091,0.8146058203716409,-1.848041747058095,-14.213759687299001,1
6.166666666666667,0.8074129693236716,46.26135546637219,0.8067825726662154,-1.9070421928766816,-14.105752928841449,1
6.170833333333333,0.7983890811321867,45.74432475820216,0.7987144394354162,-1.96558380824611,-13.993512499300476,1
6.175,0.7919104296498318,45.373125371327056,0.7904033693864846,-2.023648850975229,-13.876990359131474,1
6.179166666666666,0.7815026373774453,44.776802800070435,0.7818513857398997,-2.0812193817094005,-13.756139358717158,1
6.183333333333334,0.7732566610559035,44.30434315888128,0.773060586643738,-2.1382772685379696,-13.630913455415094,1
6.1875,0.7648469850118185,43.82250421448293,0.7640331459823135,-2.194804189777141,-13.501267939983505,1
6.191666666666666,0.7535335571201645,43.174292544465565,0.7547713147220216,-2.250781637079462,-13.367159674259284,1
6.195833333333333,0.7437408258456806,42.613210372531874,0.7452774214090403,-2.3061909300215437,-13.22854731967609,1
6.2,0.7342224860949784,42.067849676845036,0.735553872392133,-2.361013220543613,-13.085391564644333,1
6.204166666666667,0.7267049653664663,41.637127466699184,0.7256031528820591,-2.415229499611245,-12.937655365833301,1
6.208333333333333,0.7149462409218463,40.963402183565144,0.715427828004335,-2.4688206057392303,-12.78530419110377,1
6.2125,0.7072629929867958,40.52318450393415,0.705030542963942,-2.5217672453189532,-12.628306249914537,1
6.216666666666667,0.6939216242608407,39.75878038300909,0.6944140231804928,-2.5740499971678172,-12.466632723948194,1
6.220833333333333,0.6837421268116944,39.17553814160882,0.6835810754177127,-2.6256493239861007,-12.300258011879723,1
6.225,0.6738803332517385,38.610498992194046,0.6725345884467343,-2.6765455866058256,-12.129159966344693,1
6.229166666666667,0.6630281791348239,37.98871636266932,0.661277532834863,-2.726719068689815,-11.95332011531415,1
6.233333333333333,0.6516119622769567,37.33461531870743,0.6498129610292595,-2.776149981934282,-11.772723886006725,1
6.2375,0.6391985068620644,36.623376714260274,0.6381440083973762,-2.8248184826776686,-11.587360839909998,1
6.241666666666666,0.6271675565293862,35.9340540366663,0.6262738933883012,-2.872704692009637,-11.397224890278787,1
6.245833333333334,0.6147229942538309,35.22103314038927,0.614205916945313,-2.9197887230016506,-11.202314502424374,1
6.25,0.6026227107269054,34.527737963384766,0.6019434625494817,-2.966050687321586,-11.002632898981098,1
6.254166666666666,0.5890089967620445,33.747729609699924,0.5894899970390394,-3.011470716985935,-10.798188270632561,1
6.258333333333333,0.5761350568575775,33.010107187468904,0.5768490700801705,-3.0560289907346543,-10.588993957833802,1
6.2625,0.564021368546053,32.3160439728816,0.5640243133156675,-3.099705760277702,-10.375068618711996,1
6.266666666666667,0.5508709262643313,31.562579131408558,0.5510194403642975,-3.142481360446914,-10.156436402503047,1
6.270833333333333,0.5374427311507349,30.79320022492129,0.5378382472368926,-3.184336235199497,-9.933127119660025,1
6.275,0.5250923235988565,30.085573996932155,0.5244846109074726,-3.225250970635423,-9.705176370289054,1
6.279166666666667,0.5117961495553535,29.32375934056804,0.5109624884928031,-3.265206315017275,-9.47262567147486,1
6.283333333333333,0.497353066699911,28.496231649793426,0.49727591713754954,-3.30418319714046,-9.235522584479847,1
6.2875,0.4847184018291011,27.772318677133814,0.4834290135935174,-3.3421627545419463,-8.993920823603528,1
6.291666666666667,0.4684296603706953,26.839042537987392,0.4694259720744856,-3.3791263701673957,-8.747880320999839,1
6.295833333333333,0.45510206397022956,26.07542751318696,0.4552710637298327,-3.4150556850914677,-8.497467305955501,1
6.3,0.44034309070620525,25.229800635211944,0.4409686361885205,-3.4499326262825725,-8.242754369965402,1
6.304166666666666,0.42489425108862594,24.34464732675015,0.426523111567474,-3.483739440549283,-7.983820488891746,1
6.308333333333334,0.4118668322808501,23.598231211115245,0.4119389847906382,-3.5164587190852044,-7.720751034477524,1
6.3125,0.3971145781861749,22.75298931318577,0.3972208229300443,-3.5480734172697077,-7.453637787718806,1
6.316666666666666,0.38369399764125206,21.984046689346307,0.38237326358710017,-3.578566886359518,-7.182578917576803,1
6.320833333333333,0.3679514992221253,21.082067970938972,0.3674010121793486,-3.607922905375684,-6.907678922134154,1
6.325,0.3514150693925215,20.134600333488436,0.352308841004526,-3.636125697231207,-6.629048584947893,1
6.329166666666667,0.3387195886321924,19.407202867032044,0.3371015876362283,-3.663159957958549,-6.346804900910958,1
6.333333333333333,0.3228497046124598,18.497925491339256,0.32178415169922425,-3.6890108892884323,-6.061070953855236,1
6.3375,0.3068694695980773,17.582325469387957,0.30636149352338604,-3.713664214770698,-5.771975811382286,1
6.341666666666667,0.29064098763714524,16.65250194512236,0.2908386322985623,-3.73710620645908,-5.479654392093614,1
6.345833333333333,0.2743833739397745,15.721009295308939,0.2752206426224568,-3.7593237147323215,-5.184247284535052,1
6.35,0.2591878410649498,14.850369394129189,0.25951265275198343,-3.780304184700358,-4.885900580877977,1
6.354166666666667,0.2446699548462513,14.01855578634662,0.2437198424392322,-3.8000356801042168,-4.584765685183574,1
6.358333333333333,0.22949205105824577,13.14892595743828,0.22784743925441797,-3.818506909524438,-4.280999075733947,1
6.3625,0.21324745066581,12.21817891507515,0.2119007166293878,-3.835707241503537,-3.974762083977706,1
6.366666666666666,0.19545838962884862,11.198940796156647,0.19588499122668068,-3.8516267259581736,-3.6662206444859526,1
6.370833333333334,0.17882856861345758,10.24612223791678,0.17980561914213863,-3.866256115614698,-3.3555450071251425,1
6.375,0.16379094033413216,9.384529603624859,0.16366799389016326,-3.8795868789871646,-3.0429094693280705,1
6.379166666666666,0.14593428854736115,8.36141882000814,0.14747754302490873,-3.8916112194168084,-2.7284920681262754,1
6.383333333333333,0.1315217417312433,7.535640715409875,0.1312397246988099,-3.902322089949629,-2.4124742582534795,1
6.3875,0.11483121773050499,6.5793441323057635,0.11496002528627353,-3.911713205018094,-2.0950405992560563,1
6.391666666666667,0.09823726181839947,5.628580493115956,0.09864395538800334,-3.919779055060388,-1.7763784002062486,1
6.395833333333333,0.08090540609238844,4.6355383088858755,0.08229704704816135,-3.926514915504271,-1.4566773785958602,1
6.4,0.06637305111500988,3.8028957022961487,0.0659248504700981,-3.9319168566494347,-1.1361293009403781,1
6.404166666666667,0.049068061113810485,2.811392810711334,0.04953293029282242,-3.9359817517928706,-0.814927607577335,1
6.408333333333333,0.0321059177652837,1.8395335853448478,0.03312686280316661,-3.9387072826966096,-0.49326704989041914,1
6.4125,0.014205710353109809,0.8139272482184904,0.016712231983229027,-3.9400919449378238,-0.1713433000162938,1
6.416666666666667,0.0002706152885210058,0.015505113903968705,0.0002946265728463668,-3.9401350505049213,0.15064742281357957,1
6.420833333333333,-0.01457378236351824,-0.8350162209717888,-0.01612036364029892,-3.93883672947966,0.4725087430630768,1
6.425,-0.031077428875267307,-1.7806055126708136,-0.03252715102641507,-3.9361979298300103,0.794044510379493,1
6.429166666666666,-0.049319045424305596,-2.825773152426705,-0.048920153690507034,-3.9322204156757947,1.1150591875955977,1
6.433333333333334,-0.06581932787233105,-3.7711696974723536,-0.06529379870990445,-3.926906763927612,1.4353582299460816,1
6.4375,-0.08123344293420358,-4.654333435446683,-0.08164252564505839,-3.9202603594055234,1.7547484661670891,1
6.441666666666666,-0.09883204542473296,-5.662659083482437,-0.0979607897688427,-3.9122853882407607,2.073038469269201,1
6.445833333333333,-0.11397970242578177,-6.530555899154327,-0.1142430655411667,-3.9029868299561556,2.3900389260195327,1
6.45,-0.12981531850941577,-7.43786986673604,-0.13048384966903614,-3.892370447872945,2.7055629909554297,1
6.454166666666667,-0.1456069634662718,-8.342664474332942,-0.1466776646892163,-3.8804427778986366,3.019426641997543,1
6.458333333333333,-0.16290646260477462,-9.333852762659358,-0.16281906168508115,-3.8672111167370624,3.331449009514833,1
6.4624999999999995,-0.1790803629057443,-10.260548988170292,-0.17890262402872067,-3.8526835066366525,3.6414527143316957,1
6.466666666666667,-0.19568915416859078,-11.212162630345151,-0.19492296982288684,-3.836868722418816,3.9492641688293615,1
6.470833333333333,-0.21159634464939533,-12.123577508805932,-0.21087475541449274,-3.819776252419286,4.254713885647471,1
6.475,-0.2269503183042145,-13.003295397982125,-0.226752678186717,-3.80141628285246,4.557636758898649,1
6.479166666666667,-0.24223089220056407,-13.878807790780732,-0.24255147908317407,-3.781799678812761,4.857872325587448,1
6.483333333333333,-0.257468693148441,-14.751869474154525,-0.2582659461346096,-3.7609379620799634,5.1552650307125925,1
6.4875,-0.2745918222192399,-15.732952501969068,-0.2738909163606356,-3.7388432943070917,5.449664445698439,1
6.491666666666666,-0.28811866231617106,-16.50798334967156,-0.28942127882793234,-3.715528451080226,5.740925491879771,1
6.495833333333334,-0.30508857730397426,-17.48028785716848,-0.30485197732807146,-3.6910068010457713,6.028908639924722,1
6.5,-0.3201966585802679,-18.34591715084073,-0.32017801209833674,-3.6652922845462563,6.313480073896807,1
6.504166666666666,-0.3360465081524324,-19.25404663724299,-0.3353944429519082,-3.638399383980988,6.594511863612031,1
6.508333333333333,-0.35261193991137985,-20.203175962842653,-0.3504963911913215,-3.6103431041125154,6.871882096747339,1
6.5125,-0.3647075660872754,-20.89620429328943,-0.36547904123245534,-3.581138946620358,7.145474987416249,1
6.516666666666667,-0.3796946259254973,-21.754899569329563,-0.38033764352937177,-3.5508028785191708,7.415180990293937,1
6.520833333333333,-0.3953130205754416,-22.649767665541077,-0.39506751596802636,-3.5193513129201865,7.680896869071166,1
6.5249999999999995,-0.409605584816479,-23.468671274972124,-0.40966404524567135,-3.4868010815236072,7.942525746565752,1
6.529166666666667,-0.42367244760140615,-24.27464314353809,-0.4241226895058612,-3.4531694013882843,8.199977159523655,1
6.533333333333333,-0.4398025578804321,-25.198830385606865,-0.4384389793846288,-3.418473856453058,8.453167067917207,1
6.5375,-0.45307020456542996,-25.959010544727978,-0.45260851900862076,-3.3827323695106735,8.702017846131692,1
6.541666666666667,-0.46593386159365685,-26.69604380154918,-0.4666269882832418,-3.345963167735792,8.946458280077234,1
6.545833333333333,-0.481584717769718,-27.592771806203743,-0.48049014375935584,-3.3081847651386167,9.18642352362912,1
6.55,-0.4939376415496675,-28.30054220344164,-0.4941938191727502,-3.269415935352375,9.421855033518364,1
6.554166666666666,-0.508917768193131,-29.15884023668357,-0.5077339272399647,-3.2296756775220974,9.652700510805976,1
6.558333333333334,-0.5206994236205154,-29.833879368350097,-0.5211064605666895,-3.1889831975119245,9.878913813093764,1
6.5625,-0.53433859481639,-30.615346313930115,-0.5343074917555709,-3.147357884337698,10.100454839249918,1
6.566666666666666,-0.5487426428564778,-31.44063747453083,-0.5473331744544144,-3.1048192787988516,10.31728941704736,1
6.570833333333333,-0.5591633176189839,-32.037698158100916,-0.5601797444521254,-3.0613870493781583,10.52938917948743,1
6.575,-0.5734845717003693,-32.858245574298806,-0.5728435196167421,-3.0170809750988545,10.736731410549876,1
6.579166666666667,-0.5860279785905846,-33.576929849823465,-0.5853208999506742,-2.971920919786278,10.939298882223387,1
6.583333333333333,-0.5974333390699846,-34.23040886911839,-0.5976083687134728,-2.9259268009035924,11.137079699048343,1
6.5874999999999995,-0.6087001173453963,-34.87594771300916,-0.6097024925283419,-2.8791185787465965,11.330067117692748,1
6.591666666666667,-0.6224863925379915,-35.66584309675078,-0.621599920770253,-2.831516233989653,11.518259346415777,1
6.595833333333333,-0.6332435601499442,-36.28218340043049,-0.6332973859730433,-2.7831397417831223,11.701659353763713,1
6.6,-0.6444174912733531,-36.922402494371696,-0.6447917042642355,-2.7340090525502525,11.880274671258714,1
6.604166666666667,-0.6554749261756402,-37.55594684651339,-0.656079774921179,-2.6841440799994585,12.054117176733039,1
6.608333333333333,-0.6670046052505126,-38.216548796643885,-0.667158579554359,-2.6335646823859107,12.223202867011475,1
6.6125,-0.6783454746584576,-38.86633274972816,-0.6780251824465334,-2.5822906371396397,12.387551644409113,1
6.616666666666666,-0.6893989392658662,-39.4996496207299,-0.6886767305554848,-2.53034163199007,12.547187095170852,1
6.620833333333334,-0.6990352778185795,-40.05177114975958,-0.6991104525380601,-2.4777372517256273,12.702136250246937,1
6.625,-0.7102592757850753,-40.6948588625032,-0.709323657995164,-2.424496963368685,12.852429347986496,1
6.629166666666666,-0.7218630966856943,-41.35970882633436,-0.7193137374586088,-2.3706400961993253,12.998099606742304,1
6.633333333333333,-0.7286971919204548,-41.75127364007661,-0.7290781622186754,-2.316185837299687,13.139182995094378,1
6.6375,-0.7378256509613546,-42.27429581657821,-0.7386144829213769,-2.261153220408748,13.275717983929928,1
6.641666666666667,-0.7499823764121077,-42.97082487760564,-0.747920328861989,-2.2055611148936123,13.407745310063689,1
6.645833333333333,-0.75787456393924,-43.423013914036105,-0.7569934076714565,-2.1494282121250055,13.535307746902976,1
6.6499999999999995,-0.7652911910134237,-43.84795534360929,-0.7658315050350384,-2.0927730229812225,13.658449877833874,1
6.654166666666667,-0.7726369795017201,-44.26883802118446,-0.7744324830162869,-2.035613870660655,13.777217852135632,1
6.658333333333333,-0.7827761334409007,-44.84976874973295,-0.7827942793740323,-1.9779688835027993,13.891659158449865,1
6.6625,-0.7915502094763517,-45.35248627569117,-0.7909149070619191,-1.9198559871122383,14.001822404216309,1
6.666666666666667,-0.798952061085922,-45.776581133501665,-0.7987924538315491,-1.8612929032366738,14.107757100563264,1
6.670833333333333,-0.805225274417353,-46.136009781377865,-0.8064250804334613,-1.802297147140315,14.209513432194218,1
6.675,-0.8143747300637992,-46.66023497476137,-0.8138110199750159,-1.7428860241061028,14.307142048178774,1
6.679166666666666,-0.8216460039511008,-47.076848280187434,-0.8209485773575174,-1.68307662637357,14.400693858738842,1
6.683333333333334,-0.8282574018779134,-47.45565347807534,-0.8278361286826759,-1.6228858336030045,14.490219836936847,1
6.6875,-0.8353040556829066,-47.859397000791255,-0.834472119529528,-1.5623303146013758,14.575770811006246,1
6.691666666666666,-0.8407480143100828,-48.17131285397229,-0.8408550643555114,-1.5014265273242773,14.657397277688125,1
6.695833333333333,-0.8455657465858434,-48.44734858019732,-0.8469835460051693,-1.4401907191427004,14.735149222902573,1
6.7,-0.8525742749042968,-48.848907673442625,-0.8528562147573381,-1.3786389301445856,14.809075942651543,1
6.704166666666667,-0.8586920069773233,-49.199427901418865,-0.8584717870027712,-1.3167869978607856,14.879225865732954,1
6.708333333333333,-0.8640836979795088,-49.50834904028275,-0.8638290446076589,-1.2546505608656928,14.945646391973927,1
6.7124999999999995,-0.8702909758679187,-49.86399986555352,-0.8689268345454852,-1.1922450607040413,15.008383740413546,1
6.716666666666667,-0.8729934089542289,-50.018837875815606,-0.8737640676176175,-1.129585749436492,15.067482792809027,1
6.720833333333333,-0.8784076433834586,-50.32905065790489,-0.8783397176150387,-1.0666876963438492,15.12298694974649,1
6.725,-0.8828103192453379,-50.5813054033547,-0.8826528208090444,-1.003565793223461,15.174937997786934,1
6.729166666666667,-0.883915963360175,-50.644654144778336,-0.886702475381637,-0.9402347594337154,15.22337598278118,1
6.733333333333333,-0.8902271291937187,-51.00625731084756,-0.8904878402887633,-0.87670915238872,15.268339083361331,1
6.7375,-0.894664196212786,-51.26048252445681,-0.8940081347572267,-0.8130033760451291,15.309863499392257,1
6.741666666666666,-0.8976347051309052,-51.430680148471005,-0.8972626379386713,-0.7491316855996296,15.34798334928555,1
6.745833333333334,-0.8992484800511603,-51.52314264048569,-0.9002506879964546,-0.6851081988117238,15.382730567630395,1
6.75,-0.9028728344759326,-51.73080285248471,-0.9029716815563811,-0.6209469066927292,15.414134814432781,1
6.754166666666666,-0.9066802077102837,-51.9489492698441,-0.9054250733962554,-0.5566616806597707,15.442223394261765,1
6.758333333333333,-0.9068081973023663,-51.95628253329203,-0.9076103758767631,-0.49226628235497,15.467021179412066,1
6.7625,-0.9101102241041699,-52.145474732874455,-0.9095271583956508,-0.42777437649201844,15.488550540545008,1
6.766666666666667,-0.9095402864507809,-52.112819710749676,-0.9111750471540451,-0.3631995398444395,15.506831288084902,1
6.770833333333333,-0.9116112050481734,-52.231474606095425,-0.9125537247894993,-0.2985552705902272,15.52188061907626,1
6.7749999999999995,-0.9140532919686949,-52.3713958798454,-0.9136629299739195,-0.23385500220149105,15.533713070789194,1
6.779166666666667,-0.9133845596086186,-52.33308033798921,-0.9145024572728284,-0.16911211308097826,15.542340484399631,1
6.783333333333333,-0.9150129417996128,-52.42637976496744,-0.915072156903329,-0.10433993693073247,15.547771974494985,1
6.7875,-0.9146277491273109,-52.40430985054518,-0.9153719345475717,-0.03955177626988546,15.550013906327388,1
6.791666666666667,-0.9149787420925787,-52.424420266093804,-0.9154017512752916,0.025239084906756665,15.549063511233006,1
6.795833333333333,-0.9159002092356352,-52.47721644435092,-0.9151616237218474,0.09001922360253695,15.544859700938161,1
6.8,-0.9152132280406237,-52.437855321271904,-0.9146516248668938,0.15477503694591277,15.537384996134842,1
6.804166666666666,-0.912973074106425,-52.309503955382695,-0.9138718844780912,0.2194928835409043,15.526634885393456,1
6.808333333333334,-0.9131147357977342,-52.3176205724134,-0.9128225892077483,0.2841591019852184,15.512602196905712,1
6.8125,-0.9118562324223979,-52.24551364050366,-0.9115039826871885,0.34875999583924666,15.495277121425344,1
6.816666666666666,-0.9107498674104796,-52.1821235947198,-0.9099163657219902,0.41328182149456816,15.474647243485506,1
6.820833333333333,-0.9076904365711521,-52.00683111991417,-0.9080600964913009,0.4777107787193917,15.450697579728182,1
6.825,-0.9041356982634517,-51.80315961760946,-0.905935590800713,0.5420329998005362,15.423410625032382,1
6.829166666666667,-0.9044749206470508,-51.82259562850605,-0.9035433224356935,0.6062345378871017,15.392766407006839,1
6.833333333333333,-0.9008626879625509,-51.615629941064995,-0.9008838234256501,0.6703013591723717,15.358742546433204,1
6.8374999999999995,-0.8967252895698756,-51.37857447500049,-0.8979576844926928,0.7342193311756811,15.321314327169125,1
6.841666666666667,-0.894835055733804,-51.27027205390076,-0.8947655555088986,0.7979742129122089,15.280454773246893,1
6.845833333333333,-0.8909133769776221,-51.045576412565424,-0.891308145842008,0.8615516479426231,15.236134731641778,1
6.85,-0.8885133382331629,-50.908064321840044,-0.8875862249822608,0.9249371531262397,15.188322965705717,1
6.854166666666667,-0.8832268546477638,-50.605171123931484,-0.8836006231005605,0.9881161102835264,15.136986254799654,1
6.858333333333333,-0.8795155456261767,-50.392528780525716,-0.879352231446149,1.0510737605604772,15.082089498914677,1
6.8625,-0.873981791433948,-50.07546802044819,-0.8748420031319623,1.1137951941679343,15.02359583527475,1
6.866666666666666,-0.8690347640194324,-49.792024228460924,-0.8700709538240353,1.1762653433966288,14.961466760704829,1
6.870833333333334,-0.8627803415363954,-49.433672216891175,-0.8650401621235534,1.2384689788224554,14.895662256966627,1
6.875,-0.8592449451329273,-49.23110892406672,-0.8597507704992452,1.3003907003529476,14.826140930065112,1
6.879166666666666,-0.8539196751745367,-48.925993430683135,-0.8542039860952981,1.3620149319738362,14.752860154769309,1
6.883333333333333,-0.8482314488617799,-48.60008207004691,-0.8484010811656156,1.4233259191837375,14.675776220979861,1
6.8875,-0.8426515896804768,-48.28037968868092,-0.8423433939496464,1.4843077232124138,14.594844492443027,1
6.891666666666667,-0.8357369467803397,-47.88419983366296,-0.8360323296570003,1.5449442164309495,14.510019573427483,1
6.895833333333333,-0.8297271474582992,-47.53986369678945,-0.8294693610972013,1.6052190815402776,14.42125547705886,1
6.8999999999999995,-0.8225090192752865,-47.12629541591839,-0.8226560292101379,1.665115809889493,14.328505798479757,1
6.904166666666667,-0.8144441235511399,-46.66421092871169,-0.815593944311766,1.7246176967744764,14.231723903602921,1
6.908333333333333,-0.8091631609767858,-46.36163406143466,-0.8082847868855058,1.7837078437013758,14.130863117544541,1
6.9125,-0.7997355762561558,-45.82147324594054,-0.8007303079543856,1.8423691592891882,14.02587691296334,1
6.916666666666667,-0.7917829304139613,-45.36582020322053,-0.7929323301415967,1.900584358031994,13.916719113010355,1
6.920833333333333,-0.784995782955019,-44.9769452988902,-0.7848927487280704,1.9583359615153701,13.803344099358734,1
6.925,-0.778465199956737,-44.602770455328745,-0.7766135322448734,2.015606305151123,13.685707018420544,1
6.929166666666666,-0.7686271475584281,-44.03909157427709,-0.7680967228113875,2.072377539709119,13.563763988442187,1
6.933333333333334,-0.7582125962962816,-43.44238174143345,-0.7593444375571767,2.1286316328838244,13.437472325734735,1
6.9375,-0.7503788254471743,-42.99353973410698,-0.7503588692981409,2.184350378070651,13.306790764004216,1
6.941666666666666,-0.7420143426086958,-42.51429016965256,-0.741142286899892,2.2395154026726947,13.171679672316012,1
6.945833333333333,-0.7321375350118903,-41.94839077929286,-0.7316970357940439,2.2941081717420313,13.032101277952334,1
6.95,-0.7212919600321258,-41.32698510655967,-0.7220255393931612,2.348109993451219,12.88801990452507,1
6.954166666666667,-0.7116531843256886,-40.774723938907584,-0.7121302993705031,2.4015020356548566,12.73940219503089,1
6.958333333333333,-0.7022224034264486,-40.234379995868544,-0.7020138958354879,2.4542653340257634,12.586217334586626,1
6.9624999999999995,-0.6919991027031938,-39.648628011733,-0.6916789880150509,2.5063807996160508,12.428437281079786,1
6.966666666666667,-0.681470188893878,-39.0453656876022,-0.6811283154152613,2.5578292284124227,12.266037003102694,1
6.970833333333333,-0.6711696524330739,-38.4551884216775,-0.6703646976944025,2.608591325126815,12.098994697256932,1
6.975,-0.65798135347981,-37.69955455269868,-0.6593910347017058,2.6586477106560675,11.927292006928928,1
6.979166666666667,-0.6484915848741104,-37.15583086303634,-0.6482103072023948,2.7079789342429774,11.750914249239127,1
6.983333333333333,-0.6357634064694421,-36.42655995955929,-0.6368255776547975,2.7565654880739228,11.569850640223718,1
6.9875,-0.6239123909210228,-35.74754678569095,-0.6252399896244972,2.804387836109896,11.384094494535653,1
6.991666666666666,-0.6125855771368556,-35.09856816052756,-0.6134567677434167,2.8514264212713587,11.193643429973461,1
6.995833333333334,-0.6018558781495039,-34.483801693106514,-0.601479218370733,2.8976616825511554,10.998499577694817,1
7.0,-0.5889584088200438,-33.74483113412903,-0.5893107297883312,2.9430740754278912,10.798669779311764,1
7.004166666666666,-0.5769758858498727,-33.05828314001966,-0.5769547712000708,2.987644102720483,10.594165757320685,1
7.008333333333333,-0.5652035212978836,-32.38377633630127,-0.5644148926515766,3.0313523221584764,10.385004293759614,1
7.0125,-0.5514116686451683,-31.593561387634374,-0.5516947255164406,3.0741793688134447,10.171207409445545,1
7.016666666666667,-0.5398268881373922,-30.92980235795338,-0.538797981819004,3.116105982084413,9.952802514946901,1
7.020833333333333,-0.5246920072614659,-30.06263756032954,-0.5257284530508023,3.1571130334887614,9.72982254282756,1
7.0249999999999995,-0.5128954651307365,-29.38674548339048,-0.5124900100507578,3.1971815376467365,9.502306087761697,1
7.029166666666667,-0.4989110581589766,-28.585497984915314,-0.49908660307483454,3.2362926790348636,9.270297538090965,1
7.033333333333333,-0.4852750447301002,-27.804211966056982,-0.48552226003457255,3.274427845512409,9.033847163698814,1
7.0375,-0.4720270227831004,-27.045156221597207,-0.4718010855710541,3.3115686470477343,8.793011205669774,1
7.041666666666667,-0.4574152738470228,-26.207964676255187,-0.4579272607738621,3.347696935896992,8.547851963705542,1
7.045833333333333,-0.44431947379581505,-25.45763060397378,-0.44390504217392385,3.3827948362209344,8.298437856562598,1
7.05,-0.42897840917088026,-24.578652347727566,-0.42973875950109813,3.4168447770169323,8.044843445594525,1
7.054166666666666,-0.41660740396684026,-23.869845961201698,-0.41543281511257796,3.449829505560608,7.787149473313026,1
7.058333333333334,-0.4008813961482484,-22.96881208460665,-0.400991683136767,3.48173211616669,7.525442880748151,1
7.0625,-0.38472787211229054,-22.04328333308313,-0.38641990686208877,3.5125360841113076,7.259816776796216,1
7.066666666666666,-0.3725950511903387,-21.348123900667268,-0.3717220974290785,3.542225283599778,6.990370414955625,1
7.070833333333333,-0.35749437689560043,-20.482918995777073,-0.3569029328343759,3.570784011711365,6.717209158818728,1
7.075,-0.34151868618320586,-19.567579343150516,-0.34196715538462547,3.5981970204601352,6.440444401811246,1
7.079166666666667,-0.3267628548690983,-18.722132485645172,-0.3269195695376705,3.6244495394987917,6.16019347693096,1
7.083333333333333,-0.3114590582688945,-17.845289529926838,-0.3117650407533404,3.6495272957297282,5.876579568045323,1
7.0874999999999995,-0.29608159655750627,-16.964225874240274,-0.2965084928614792,3.6734165432258505,5.589731575945188,1
7.091666666666667,-0.280601006375443,-16.07725339243639,-0.2811549053484178,3.6961040867451365,5.2997839656625105,1
7.095833333333333,-0.26474091618172707,-15.168537161639643,-0.2657093119792769,3.717577299153848,5.006876622071644,1
7.1,-0.2498191636382874,-14.313583717961947,-0.2501767978832626,3.7378241487286337,4.711154659334074,1
7.104166666666667,-0.2347730336298776,-13.451503970474928,-0.23456249660894093,3.756833220354925,4.412768213339802,1
7.108333333333333,-0.21828465717699527,-12.506789588701883,-0.21887158845441088,3.7745937318031646,4.11187224255213,1
7.1125,-0.20145133735140872,-11.54231140750188,-0.20310929710956283,3.7910955579634518,3.808626280753337,1
7.116666666666666,-0.18739663157835568,-10.737036084407787,-0.1872808867996741,3.8063292477472617,3.503194184574193,1
7.120833333333334,-0.1722420974324137,-9.868745237358418,-0.17139166018123,3.820286039656269,3.1957438812676098,1
7.125,-0.15448084442068694,-8.851100400922451,-0.15544695455889895,3.8329578817407737,2.886447070333699,1
7.129166666666666,-0.13955719171482095,-7.99603808595734,-0.13945213933140227,3.844337443959266,2.5754789363965447,1
7.133333333333333,-0.12530862507571577,-7.1796553534257095,-0.12341261321892799,3.8544181324866336,2.2630178459619166,1
7.1375,-0.10659428548132666,-6.107402678292645,-0.10733380040227902,3.86319410392796,1.949245012089479,1
7.141666666666667,-0.09168831016966414,-5.25335320340818,-0.09122114819848291,3.8706602742169047,1.634344179321128,1
7.145833333333333,-0.07515912853731065,-4.306300857069164,-0.0750801233443684,3.8768123301631374,1.3185012725787397,1
7.1499999999999995,-0.05862650138282054,-3.3590510968535012,-0.05891620887383496,3.8816467371033485,1.0019040501409275,1
7.154166666666667,-0.04256865879529898,-2.439004488503083,-0.04273490112710596,3.885160745697626,0.6847417527807709,1
7.158333333333333,-0.025922592485636966,-1.4852551434645402,-0.026541705990303616,3.8873523978569215,0.36720473260693537,1
7.1625,-0.010722169620016087,-0.6143350664503114,-0.010342136069315892,3.8882205300988772,0.049484096317764334,1
7.166666666666667,0.006306062271311249,0.36131075349281644,0.005858292991848941,3.8877647762475585,-0.26822867101736825,1
7.170833333333333,0.02182756836097859,1.2506275441173609,0.022054065565301165,3.8859855680886586,-0.5857420712246841,1
7.175,0.03888440336350903,2.2279122016133703,0.03823966959152256,3.8828841347174983,-0.9028649681448305,1
7.179166666666666,0.05494660914508766,3.148208802568455,0.05440959970980059,3.8784625002201527,-1.219406953246138,1
7.183333333333334,0.06974203642484235,3.9959243417911234,0.07055836068990537,3.872723479934556,-1.5351787146330218,1
7.1875,0.08762816881829587,5.020724239748236,0.08668047064104438,3.8656706750041683,-1.8499923978815944,1
7.191666666666666,0.1023027479982378,5.861515692889457,0.1027704643376164,3.857308465763523,-2.163661964131416,1
7.195833333333333,0.11952805980775995,6.848453360371931,0.11882289635143883,3.8476420031959995,-2.476003538092715,1
7.2,0.13515286307494886,7.7436886433040755,0.13483234442896597,3.8366771993559134,-2.78683575339366,1
7.204166666666667,0.152397530182083,8.731735287650936,0.15079341231125848,3.8244207163797017,-3.0959800784665945,1
7.208333333333333,0.1665057224632137,9.540075161918772,0.16670073332114332,3.810879953291965,-3.403261147608,1
7.2124999999999995,0.18224413638207662,10.441819855699567,0.18254897279331564,3.796063033643841,-3.7085070589617115,1
7.216666666666667,0.1983158848960758,11.362663214947371,0.19833283169918484,3.7799787881566274,-4.011549683737719,1
7.220833333333333,0.21378247481869347,12.248833540972935,0.21404704909049044,3.762636741011641,-4.312224940227949,1
7.225,0.23038448604195935,13.200058715494896,0.22968640504128163,3.7440470905636114,-4.610373063791411,1
7.229166666666667,0.24383522669806573,13.970729386414819,0.2452457237906723,3.7242206909213738,-4.9058388665186206,1
7.233333333333333,0.2598003643473437,14.88546439306386,0.26071987572156785,3.703169034604748,-5.198471959884231,1
7.2375,0.2751719468865704,15.766191196998536,0.27610378072376895,3.680904227967424,-5.488126987978132,1
7.241666666666666,0.29222171018238796,16.743070675545944,0.2913924103630561,3.6574389736612836,-5.7746638223752464,1
7.245833333333334,0.3080735817541677,17.651316013992336,0.30658078997515775,3.6327865478424495,-6.057947739047935,1
7.25,0.321572852719974,18.424767266836525,0.3216640018582047,3.60696077356443,-6.337849598920901,1
7.254166666666666,0.3364898620138607,19.27944894233366,0.33663718675978854,3.5799760029753873,-6.614245979846159,1
7.258333333333333,0.351556678138119,20.142713916953316,0.35149554609339556,3.5518470897534153,-6.887019304655546,1
7.2625,0.3672482747320382,21.041776175606742,0.3662343446376384,3.522589362739377,-7.156057960774592,1
7.266666666666667,0.3800396433728891,21.77466761292349,0.38084891164890483,3.492218606772746,-7.421256373606541,1
7.270833333333333,0.3955426591338402,22.662924985750784,0.3953346429546726,3.4607510323137824,-7.682515080283574,1
7.2749999999999995,0.4105380236932027,23.52209608726231,0.4096870032183353,3.428203249376665,-7.939740789460984,1
7.279166666666667,0.424338813919323,24.3128231211644,0.4239015267629231,3.394592247609442,-8.192846398408035,1
7.283333333333333,0.4381392604732726,25.103530464101574,0.43797381930272755,3.359935365119866,-8.441751009520235,1
7.2875,0.4527731374632504,25.941989853540907,0.45189955994927433,3.324250261428531,-8.686379935493036,1
7.291666666666667,0.4633154865762019,26.54602196386652,0.46567450177415554,3.287554898421203,-8.926664663353565,1
7.295833333333333,0.47988603078401115,27.495444211208937,0.47929447297182,3.249867510420247,-9.162542813497357,1
7.3,0.4921845900233543,28.200099749714926,0.4927553787347445,3.211206574381372,-9.393958096239071,1
7.304166666666666,0.5044556730830771,28.903181019091527,0.5060532016553505,3.171590793334825,-9.620860228939693,1
7.308333333333334,0.5196301106126044,29.77261224601836,0.5191840021872812,3.1310390694722865,-9.843204840384663,1
7.3125,0.5333426635447305,30.558283655378926,0.532143920324168,3.0895704712027046,-10.060953382785625,1
7.316666666666666,0.5448092295643926,31.21526949381369,0.544929176021004,3.047204219327966,-10.274073010716506,1
7.320833333333333,0.5583676090152593,31.992107413385252,0.5575360691049022,3.0039596626435774,-10.482536439640606,1
7.325,0.5713679585067475,32.73697257144257,0.5699609803037364,2.9598562480290522,-10.686321812349304,1
7.329166666666667,0.583347851285543,33.423369866686805,0.5822003719556879,2.9149135015815077,-10.88541255028419,1
7.333333333333333,0.5956819267575563,34.130060335429,0.5942507877248837,2.8691510114900427,-11.079797179286988,1
7.3374999999999995,0.6067564809793178,34.76458555232472,0.6061088525698793,2.822588404458711,-11.269469151109382,1
7.341666666666667,0.6178371018770669,35.399458364150206,0.6177712736087873,2.7752453180535106,-11.45442667161116,1
7.345833333333333,0.6278368611950312,35.972402369216184,0.6292348400911307,2.7271413918048033,-11.634672508265652,1
7.35,0.6402816925626774,36.685438683334326,0.6404964225918532,2.6782962469603158,-11.810213778870615,1
7.354166666666667,0.6508171017851461,37.289073167224984,0.651552973259871,2.6287294637129377,-11.981061751928138,1
7.358333333333333,0.6642960310127014,38.061358924319435,0.6624015260980749,2.5784605641947898,-12.147231643012988,1
7.3625,0.6728857071435492,38.55351111400128,0.6730391964702737,2.527509002803719,-12.308742395526501,1
7.366666666666666,0.6835706965787508,39.1657159127802,0.6834631801021172,2.475894150152629,-12.465616450654874,1
7.370833333333334,0.6941520150203222,39.77198080116619,0.6936707532408969,2.4236352715979184,-12.617879532830578,1
7.375,0.7036973229239574,40.31888665819735,0.7036592726114012,2.3707515188527415,-12.765560430766064,1
7.379166666666666,0.7149053855469784,40.961061343014784,0.7134261744647348,2.317261920096348,-12.908690763784087,1
7.383333333333333,0.7224256095446151,41.39193843907237,0.7229689736170005,2.263185368188349,-13.047304748033415,1
7.3875,0.7324550903587975,41.966585360432454,0.7322852633166567,2.208540603915365,-13.181438975287783,1
7.391666666666667,0.7407247872565215,42.44040409052447,0.7413727150725036,2.153346211853662,-13.311132192375256,1
7.395833333333333,0.749077140384066,42.91895867373566,0.7502290773351283,2.0976206127600907,-13.436425065231333,1
7.3999999999999995,0.7583183053602207,43.44843842465344,0.7588521746051322,2.0413820555008457,-13.557359951561544,1
7.404166666666667,0.7672075863555236,43.957756708590146,0.7672399070581679,1.984648606161336,-13.673980683407374,1
7.408333333333333,0.7750156134208182,44.40512370575544,0.7753902502860163,1.9274381460267347,-13.78633235451298,1
7.4125,0.7826970024330112,44.84523487695227,0.7833012537284454,1.8697683675916155,-13.894461092582397,1
7.416666666666667,0.7897437963784022,45.248986429121516,0.7909710398818707,1.8116567699920016,-13.998413846655396,1
7.420833333333333,0.7983252804934705,45.74066925087349,0.7983978037869268,1.7531206535654837,-14.098238182539948,1
7.425,0.8042666964070833,46.08108730705536,0.8055798126495174,1.6941771193654167,-14.193982084685672,1
7.429166666666666,0.8131786781102134,46.59170624574253,0.8125154041569232,1.6348430692577256,-14.285693745155694,1
7.433333333333334,0.8192749280843438,46.94099564011694,0.8192029858281819,1.5751352045937566,-14.373421372135143,1
7.4375,0.824369080856254,47.232869094142266,0.8256410344904063,1.5150700250733447,-14.457213005496882,1
7.441666666666666,0.8315582598165747,47.644778706732886,0.8318280956401534,1.4546638302432011,-14.537116336493456,1
7.445833333333333,0.8371064016302454,47.96266381679628,0.8377627819186215,1.3939327232633913,-14.613178521731879,1
7.45,0.8437223048522398,48.34172714908356,0.8434437725474769,1.3328926127427823,-14.685446016083214,1
7.454166666666667,0.8500395766028057,48.703680158428206,0.8488698129156592,1.2715592140680105,-14.75396441367191,1
7.458333333333333,0.852403316851294,48.83911249853179,0.8540397135331976,1.2099480545507713,-14.818778287069142,1
7.4624999999999995,0.859052728184167,49.22009570415187,0.8589523489938279,1.148074479274784,-14.879931033278107,1
7.466666666666667,0.8634669152097404,49.473009990698635,0.8636066574358935,1.0859536557803022,-14.937464732777123,1
7.470833333333333,0.8685874948804418,49.766397594490314,0.8680016401437093,1.0236005770622858,-14.991420016920031,1
7.475,0.8723224094691967,49.98039243726781,0.8721363603133518,0.9610300710361233,-15.04183593166548,1
7.479166666666667,0.8753537254601295,50.154074049918776,0.8760099424957727,0.8982568077516659,-15.088749816785144,1
7.483333333333333,0.8793431451350582,50.38265095999864,0.8796215722184996,0.8352953041680692,-15.13219719407509,1
7.4875,0.8822758316034821,50.55068151727446,0.8829704952100936,0.7721599325045043,-15.172211657567624,1
7.491666666666666,0.8869950100210486,50.821070523370246,0.8860560166538732,0.7088649305451192,-15.208824771160883,1
7.495833333333334,0.8888960987569444,50.929994884416935,0.8888775008350267,0.6454244092960432,-15.242065978041122,1
7.5,0.8930934725584138,51.170486688279915,0.8914343706996818,0.5818523597540979,-15.271962515919698,1
7.504166666666666,0.8936731705847575,51.20370093858147,0.8937261071311577,0.5181626652468493,-15.298539335907693,1
7.508333333333333,0.8951340471277367,51.28740299888384,0.8957522486540365,0.45436911114710077,-15.321819033586452,1
7.5125,0.8961914261408835,51.34798635368286,0.8975123911451796,0.3904853915648056,-15.3418217870295,1
7.516666666666667,0.897432651069174,51.419103303500336,0.8990061872803745,0.32652512259454747,-15.358565298709491,1
7.520833333333333,0.8988509269291559,51.50036452446259,0.9002333463293875,0.26250185287637207,-15.372064748560375,1
7.5249999999999995,0.9014267459258126,51.64794808176064,0.9011936339468138,0.19842907130382853,-15.382332753851612,1
7.529166666666667,0.9023308181652908,51.69974760545768,0.9018868718331585,0.13432022049420514,-15.389379334545673,1
7.533333333333333,0.9009330884507856,51.619663591916506,0.9023129376434046,0.07018870886829168,-15.393211888553752,1
7.5375,0.903252833115555,51.75257517075578,0.9024717648399487,0.006047913101488098,-15.393835173023625,1
7.541666666666667,0.901941792339526,51.677458067519765,0.9023633426315271,-0.0580887566860048,-15.391217551791293,1
7.545833333333333,0.90211581760896,51.68742898098696,0.9019877165400566,-0.12220766617916681,-15.385310370597711,1
7.55,0.9027519170363987,51.72387479352989,0.9013449891248172,-0.1862951034032043,-15.376110212957466,1
7.554166666666666,0.9012179600723947,51.635985533537756,0.9004353201262354,-0.25033733671196573,-15.363611475889115,1
7.558333333333334,0.899024589345851,51.51031464799926,0.8992589265432746,-0.31432060645077786,-15.347806023043637,1
7.5625,0.8970383708659853,51.39651271191206,0.8978160827960688,-0.37823111293859774,-15.328683211741094,1
7.566666666666666,0.8942293077125445,51.2355652488342,0.8961071208949605,-0.4420550075795729,-15.306229927032637,1
7.570833333333333,0.8935048510068814,51.19405693715975,0.8941324306692526,-0.5057783820062548,-15.280430623550174,1
7.575,0.8917082141769181,51.09111722948509,0.8918924600678214,-0.5693872573978052,-15.25126737524934,1
7.579166666666667,0.888526238751979,50.90880346712173,0.8893877154048324,-0.6328675765441548,-15.218719931418342,1
7.583333333333333,0.8865042184691345,50.79295023882489,0.8866187617812317,-0.6962051922570837,-15.182765781944173,1
7.5874999999999995,0.8836532893744995,50.62960403401125,0.8835862234548001,-0.759385858876055,-15.14338022887286,1
7.591666666666667,0.8800945603411034,50.42570387996699,0.8802907842023712,-0.8223952244718452,-15.100536464828838,1
7.595833333333333,0.8761659536486796,50.20061129712425,0.876733187907771,-0.8852188199860754,-15.05420566129875,1
7.6,0.8730614179556897,50.022734504568206,0.8729142389894552,-0.9478420524129209,-15.004357061772836,1
7.604166666666667,0.8692204688369544,49.80266433074018,0.8688348028652849,-1.0102501977606204,-14.950958082258532,1
7.608333333333333,0.8635442539780694,49.47744117571663,0.8644958066811738,-1.072428391439383,-14.893974422092091,1
7.6125,0.8611295106113461,49.33908657219617,0.8598982398338676,-1.1343616226023427,-14.833370178911206,1
7.616666666666666,0.8549571200779482,48.98543464512597,0.8550431544535358,-1.1960347289963649,-14.769107969859501,1
7.620833333333334,0.8499481156698011,48.69843983297672,0.8499316662706438,-1.257432388487307,-14.701149064540521,1
7.625,0.8451829889620495,48.425418183777474,0.8445649552872525,-1.3185391146778696,-14.629453522053817,1
7.629166666666666,0.8391477856313724,48.07962650442638,0.8389442661634068,-1.3793392542377647,-14.553980330809734,1
7.633333333333333,0.8339026778639314,47.77910396626073,0.8330709092397732,-1.4398169795802795,-14.474687563203025,1
7.6375,0.8271968244199666,47.394886865888274,0.826946261317726,-1.4999562864043596,-14.391532533406563,1
7.641666666666667,0.8200373136343195,46.98467711449231,0.8205717660668068,-1.5597409926649455,-14.304471956367335,1
7.645833333333333,0.8142644062603243,46.65391388644243,0.8139489349217036,-1.6191547346099773,-14.213462119360027,1
7.6499999999999995,0.8060812586628407,46.185054065974,0.8070793480657954,-1.678180964467605,-14.118459060607213,1
7.654166666666667,0.8000593912420269,45.840026477974035,0.799964655026987,-1.7368029523118493,-14.019418748250834,1
7.658333333333333,0.79257757648125,45.41135006908284,0.7926065751186077,-1.7950037858415329,-13.916297262609268,1
7.6625,0.7848252825079586,44.96717634286854,0.7850068987273741,-1.8527663679187358,-13.809050995265004,1
7.666666666666667,0.777055317863868,44.521990161796275,0.7771674880032144,-1.9100734216743223,-13.697636844755609,1
7.670833333333333,0.7674480541209425,43.97153449665759,0.7690902772144148,-1.9669074934412487,-13.58201241220636,1
7.675,0.7602984208071552,43.56189068271144,0.7607772736235442,-2.0232509539655195,-13.462136208459604,1
7.679166666666666,0.752311581052466,43.10427847312045,0.752230558591536,-2.079086000872814,-13.337967868450956,1
7.683333333333334,0.7435917890626526,42.60467119387216,0.7434522880441169,-2.13439466962061,-13.209468359850021,1
7.6875,0.7335478769577666,42.029197420461834,0.7344446927002694,-2.1891588362533154,-13.076600191536238,1
7.691666666666666,0.7263146177542651,41.61476219597704,0.7252100792946952,-2.243360221883714,-12.939327638967034,1
7.695833333333333,0.7149949511305386,40.96619307294241,0.7157508312805039,-2.2969804020787885,-12.797616964274633,1
7.7,0.7069154200455341,40.5032700413269,0.7060694090402162,-2.3500008205939347,-12.651436630607277,1
7.704166666666667,0.6965411475532727,39.908868012001655,0.6961683501452418,-2.40240279312253,-12.500757518524921,1
7.708333333333333,0.6854863309609899,39.275473677972656,0.6860502706746439,-2.4541675161637455,-12.34555315865552,1
7.7124999999999995,0.6772671164280913,38.804547374324976,0.6757178654119635,-2.505276083570551,-12.1857999474823,1
7.716666666666667,0.664132263204337,38.05197572008005,0.6651739078436982,-2.5557095010999387,-12.021477359358803,1
7.720833333333333,0.6552233638066588,37.54153338448645,0.6544212504735117,-2.6054486928068235,-11.852568162256228,1
7.725,0.6443359987900908,36.91773331901872,0.6434628259957365,-2.6544745142622657,-11.679058644762629,1
7.729166666666667,0.6317164204106201,36.19468473864051,0.6323016469445601,-2.7027677761216804,-11.500938816576989,1
7.733333333333333,0.6221559607371986,35.64691074914843,0.6209408055269039,-2.750309257929611,-11.318202608621402,1
7.7375,0.6091652672073382,34.902598836939525,0.6093834739554826,-2.7970797189483165,-11.130848077061135,1
7.741666666666666,0.5978848379764193,34.25627785091187,0.5976329052583961,-2.84305991489928,-10.9388776102028,1
7.745833333333334,0.5859196060134024,33.57072055853597,0.5856924323533322,-2.888230628226314,-10.742298101471581,1
7.75,0.573448261303604,32.856165141811715,0.5735654677912476,-2.9325726795459452,-10.541121127354193,1
7.754166666666666,0.5619630677552926,32.19811202460259,0.5612555040568402,-2.9760669439636303,-10.335363127231178,1
7.758333333333333,0.5494585632599042,31.481656692114466,0.5487661137223505,-3.0186943725725133,-10.125045573102534,1
7.7625,0.5345750660311437,30.62889511651183,0.5361009480316137,-3.060436025432157,-9.910195104043979,1
7.766666666666667,0.5244019882458915,30.046020694758585,0.5232637366556672,-3.1012730808963123,-9.690843671631468,1
7.770833333333333,0.5088074899036643,29.15252175612521,0.5102582878526267,-3.1411868581692155,-9.467028681757725,1
7.7749999999999995,0.49798955409090706,28.532699691010794,0.49708848754367047,-3.1801588452447582,-9.238793107247444,1
7.779166666666667,0.4847415335458158,27.77364402687446,0.48375829782897706,-3.218170726810049,-9.006185579045386,1
7.783333333333333,0.46931970891247016,26.890038562992867,0.47027175672426935,-3.2552043966722013,-8.769260486846319,1
7.7875,0.4562744747445296,26.142601702410015,0.45663297784148177,-3.291241984700456,-8.528078065621155,1
7.791666666666667,0.4418812388800892,25.31793003384125,0.44284614823107676,-3.3262658906674827,-8.282704436209468,1
7.795833333333333,0.42872797345881347,24.564303438386787,0.4289155274393293,-3.360258800644756,-8.033211653712272,1
7.8,0.41457663636088943,23.753491548208828,0.4148454469842927,-3.3932037093945375,-7.779677748723625,1
7.804166666666666,0.40132069078751587,22.993981813399397,0.4006403086207183,-3.4250839512174194,-7.522186731724359,1
7.808333333333334,0.38744804231946456,22.19913760551143,0.3863045822275913,-3.455883226731385,-7.260828575136987,1
7.8125,0.37306076897328044,21.37480756407402,0.37184280508252715,-3.4855856192311774,-6.99569920507913,1
7.816666666666666,0.3567689962199082,20.44135774451956,0.3572595803705697,-3.514175623172692,-6.726900462831572,1
7.820833333333333,0.34237699377020653,19.616756745409713,0.3425595742984082,-3.541638175051378,-6.454540024155857,1
7.825,0.32627843808721996,18.694377448518235,0.3277475150476238,-3.5679586681468285,-6.178731336478379,1
7.829166666666667,0.31212493687732634,17.883441563858028,0.31282819117750754,-3.5931229787648187,-5.899593529058122,1
7.833333333333333,0.2986484403134832,17.111295188127258,0.29780644842394344,-3.6171174958902905,-5.617251276449227,1
7.8374999999999995,0.2840970502091748,16.27756194910196,0.28268718822869565,-3.639929136529211,-5.331834678177877,1
7.841666666666667,0.26639819329678044,15.263492145815817,0.26747536589340953,-3.6615453693735014,-5.043479114795965,1
7.845833333333333,0.251658964577911,14.418996546946582,0.2521759871790413,-3.681954241532293,-4.752325058199353,1
7.85,0.23677106314788784,13.565982629199473,0.23679410651790858,-3.7011443935604276,-4.458517896940237,1
7.854166666666667,0.22157931156444277,12.695559380056885,0.22133482483156253,-3.7191050806711488,-4.162207738407785,1
7.858333333333333,0.20509677357538422,11.751179517619784,0.20580328592830263,-3.735826195768736,-3.8635491686726686,1
7.8625,0.19057473767120567,10.919128150372904,0.19020467459843846,-3.7512982828116925,-3.562701030644582,1
7.866666666666666,0.1741307110702285,9.976954827936057,0.1745442139068229,-3.7655125558529696,-3.2598261727667044,1
7.870833333333334,0.15881454960209673,9.09940341747121,0.15882716158765753,-3.778460917072931,-2.95509116714054,1
7.875,0.14353553101209018,8.22398013716191,0.14305880807311788,-3.790135968200731,-2.648666047037283,1
7.879166666666666,0.12725007751219852,7.290892384161562,0.12724447302451591,-3.8005310270300847,-2.3407240036078467,1
7.883333333333333,0.11100868371282704,6.3603290660476315,0.11138950224277386,-3.80964013914271,-2.0314410793766773,1
7.8875,0.09540361257683821,5.46622435095405,0.09549926517538677,-3.8174580882910827,-1.7209958636699831,1
7.891666666666667,0.07950203983423414,4.555131345182567,0.07957915106298107,-3.823980407974642,-1.4095691527187955,1
7.895833333333333,0.06331167089326374,3.627491536105271,0.06363456643027066,-3.8292033884004586,-1.0973436285195373,1
7.8999999999999995,0.047445089440218434,2.7184033835452257,0.04767093160945536,-3.8331240845247674,-0.7845035121857913,1
7.904166666666667,0.0330887603427483,1.8958463169593287,0.03169367750759837,-3.8357403215395904,-0.47123421675635696,1
7.908333333333333,0.016197737221073094,0.9280619804294508,0.015708242660820916,-3.837050698918294,-0.1577220014633918,1
7.9125,-0.0005377855902031644,-0.03081284460159335,-0.00027993036898072386,-3.8370545935027773,0.15584638987188398,1
7.916666666666667,-0.015657190452559634,-0.8970909319641944,-0.016265397907309073,-3.835752160543354,0.46928407861674243,1
7.920833333333333,-0.03253403107830527,-1.8640626713343467,-0.032242718618126776,-3.8331443336458,0.7824044121679862,1
7.925,-0.047182712285327034,-2.7033702799292985,-0.04820645665843464,-3.829232823011292,1.0950213182225867,1
7.929166666666666,-0.06382861121884881,-3.657110035021414,-0.06415118488425613,-3.8240201124017066,1.4069496580911607,1
7.933333333333334,-0.08016512698247281,-4.593123440226009,-0.08007148819710667,-3.817509454273511,1.7180055795385603,1
7.9375,-0.09557125978527205,-5.475829828444459,-0.09596196650888687,-3.8097048641238738,2.028006857787268,1
7.941666666666666,-0.11318808624565031,-6.485199633038526,-0.11181723819591759,-3.8006111123416657,2.3367732404432955,1
7.945833333333333,-0.12861523302723799,-7.369110033552331,-0.12763194291539603,-3.790233716202247,2.644126773321234,1
7.95,-0.14444264107923957,-8.275953715563398,-0.14340074496006167,-3.7785789285264544,2.9498921288306597,1
7.954166666666667,-0.15899359479920366,-9.109661951607526,-0.1591183361815345,-3.7656537271061903,3.2538969171677175,1
7.958333333333333,-0.1732675343068576,-9.92749844242114,-0.17477943886091774,-3.751465801254628,3.55597198651463,1
7.9624999999999995,-0.18843163233406415,-10.796337259502733,-0.19037880904162877,-3.7360235374433826,3.855951721338054,1
7.966666666666667,-0.20535443415607466,-11.765942381440235,-0.20591123878188053,-3.719336005424046,4.153674308152533,1
7.970833333333333,-0.22093449040975302,-12.65861384935241,-0.22137155966616318,-3.7014129391597446,4.448982012783717,1
7.975,-0.23832636440349103,-13.655094827016933,-0.23675464502951732,-3.682264722397305,4.741721419814852,1
7.979166666666667,-0.25252898489935344,-14.46884503945585,-0.25205541267087006,-3.6619023682108387,5.0317436672185805,1
7.983333333333333,-0.26795629892594025,-15.35276502240225,-0.2672688279127146,-3.6403374991415416,5.318904672992612,1
7.9875,-0.2829316970595802,-16.21079213198791,-0.2823899053224512,-3.617582329951997,5.60306532140753,1
7.991666666666666,-0.29756044496161216,-17.048957646335197,-0.2974137117990531,-3.593649641902895,5.88409165919761,1
7.995833333333334,-0.31274734550725486,-17.919102951485453,-0.31233536875983203,-3.5685527644013444,6.1618550591154,1
8.0,-0.32887731875861587,-18.84328234244735,-0.327150053829858,-3.5423055530570466,6.436232357890442,1
8.004166666666666,-0.3412003290190554,-19.549338821266943,-0.34185300384298967,-3.514922361637944,6.7071060019639575,1
8.008333333333333,-0.35737566129999776,-20.47611709318666,-0.35643951640864946,-3.486418024109507,6.974364150381757,1
8.0125,-0.37069616920514004,-21.23932597712196,-0.3709049514803306,-3.456807829685023,7.237900760989033,1
8.016666666666666,-0.38343475554077994,-21.969193211117148,-0.3852447341180645,-3.426107493112094,7.497615681725644,1
8.020833333333334,-0.4002566700336145,-22.93301791488652,-0.39945435562285014,-3.394333137116132,7.753414696121721,1
8.025,-0.41573746726633776,-23.82000225981937,-0.41352937485163505,-3.3615012658570866,8.005209555614213,1
8.029166666666667,-0.4277150064467916,-24.506264703811958,-0.427465420679471,-3.327628733975799,8.252918016267346,1
8.033333333333333,-0.44029742434067154,-25.22718414520116,-0.44125819286878554,-3.2927327296526743,8.496463831627965,1
8.0375,-0.45319448241810467,-25.96613114117319,-0.4549034629668146,-3.2568307482031367,8.735776730556475,1
8.041666666666666,-0.4694700608974856,-26.898653097175668,-0.46839707646049783,-3.219940559753544,8.970792402112746,1
8.045833333333333,-0.48130150167412766,-27.576544719236242,-0.4817349535160064,-3.182080193428279,9.201452441589066,1
8.05,-0.4953191493883548,-28.379696771962664,-0.49491308941261625,-3.143267911990028,9.427704277084056,1
8.054166666666667,-0.5080200135997514,-29.107402687444438,-0.5079275562187675,-3.1035221800965966,9.64950110410715,1
8.058333333333334,-0.5184668787291696,-29.705963968502495,-0.5207745036271023,-3.0628616470111383,9.866801793323905,1
8.0625,-0.5347617480257092,-30.63959120691152,-0.5334501589861954,-3.0213051251064846,10.079570772393568,1
8.066666666666666,-0.545729398588783,-31.26799129534993,-0.5459508282155818,-2.978871561214226,10.287777911351382,1
8.070833333333333,-0.5578647575770752,-31.96329614825522,-0.5582728968638954,-2.935580013687007,10.491398399741234,1
8.075,-0.5694653027158356,-32.627958424757196,-0.5704128300330017,-2.891449637339465,10.69041259502706,1
8.079166666666666,-0.582281665879045,-33.36228194271603,-0.5823671723110226,-2.846499660338039,10.884805861889166,1
8.083333333333334,-0.5938637240271903,-34.02588499267987,-0.594132548836035,-2.800749355042057,11.07456842144123,1
8.0875,-0.606047443283294,-34.72396068482688,-0.6057056654326824,-2.754218028022459,11.259695178089316,1
8.091666666666667,-0.6168484504265316,-35.34281280862505,-0.617083307988059,-2.7069250002870926,11.440185526798032,1
8.095833333333333,-0.6285618344896784,-36.01394027925916,-0.6282623427309363,-2.6588895843677274,11.616043168895324,1
8.1,-0.6386972928926747,-36.59465926918125,-0.6392397166934664,-2.6101310652114145,11.787275925289007,1
8.104166666666666,-0.6503350032167113,-37.261450953944376,-0.6500124573510432,-2.560668690636201,11.9538955321964,1
8.108333333333333,-0.6602485895633959,-37.82945761144792,-0.660577671737604,-2.5105216542559377,12.115917424604879,1
8.1125,-0.670958083379527,-38.44306640783368,-0.670932546757167,-2.4597090732616134,12.273360535162222,1
8.116666666666667,-0.6800916849963711,-38.966383232232715,-0.6810743492173151,-2.4082499789633935,12.426247086443697,1
8.120833333333334,-0.6910452744675853,-39.59397767945223,-0.6910004249830114,-2.3561633061322995,12.57460236774229,1
8.125,-0.7022554608659592,-40.23627404763401,-0.7007081981502107,-2.30346788004806,12.71845451120861,1
8.129166666666666,-0.7090939368162544,-40.628089857887645,-0.7101951710707128,-2.2501823984002574,12.857834280166292,1
8.133333333333333,-0.7202493247488003,-41.26724650525369,-0.7194589242092145,-2.196325426813173,12.992774855234485,1
8.1375,-0.7290676336423076,-41.77249838729434,-0.7284971148849011,-2.1419153898179726,13.123311604294788,1
8.141666666666666,-0.7378272890874896,-42.27438967429206,-0.7373074765471022,-2.086970561325095,13.249481861884632,1
8.145833333333334,-0.7446883950251426,-42.667502087311725,-0.7458878185296758,-2.0315090524663684,13.371324717191163,1
8.15,-0.7560997531282148,-43.32132474513017,-0.7542360257890213,-1.975548809286324,13.488880804174775,1
8.154166666666667,-0.7596118552190306,-43.52255337215299,-0.7623500573696301,-1.9191076071197062,13.60219207593299,1
8.158333333333333,-0.7693063623619923,-44.07800771590413,-0.7702279457823077,-1.8622030444046445,13.711301595585109,1
8.1625,-0.7776729838899571,-44.5573798182398,-0.7778677965934636,-1.8048525360762613,13.816253333571412,1
8.166666666666666,-0.7853156920573077,-44.99527474027916,-0.7852677880047904,-1.7470733126945248,13.917091968763216,1
8.170833333333333,-0.7921769762782604,-45.388397368179454,-0.7924261692181981,-1.6888824188921652,14.013862676897483,1
8.175,-0.7988864948060702,-45.77282446238779,-0.7993412599151306,-1.6302967103851096,14.10661093932224,1
8.179166666666667,-0.8054483929949371,-46.148793534204394,-0.8060114498129377,-1.5713328517910152,14.195382357562034,1
8.183333333333334,-0.8119503415729775,-46.5213277463372,-0.8124351979365048,-1.5120073176522995,14.280222469138133,1
8.1875,-0.8185328573142824,-46.8984781168924,-0.8186110312059866,-1.4523363945200691,14.361176559648731,1
8.191666666666666,-0.8247097541714273,-47.252388237294426,-0.824537543912675,-1.3923361812219421,14.438289492572846,1
8.195833333333333,-0.8303454082043618,-47.57528742817745,-0.8302133973608589,-1.3320225894061692,14.511605546968037,1
8.2,-0.8358074083118908,-47.88823698203887,-0.8356373187503131,-1.271411347929852,14.581168251108515,1
8.204166666666666,-0.8398186991583885,-48.11806701794264,-0.8408081002159378,-1.2105180071813277,14.647020224497714,1
8.208333333333334,-0.8452066223693498,-48.4267722782713,-0.8457245983244072,-1.1493579422891347,14.70920303215971,1
8.2125,-0.852951706807667,-48.87053292855933,-0.8503857336595113,-1.0879463557275135,14.767757046352846,1
8.216666666666667,-0.854218108159609,-48.943092381195264,-0.8547904895654506,-1.026298285573004,14.822721303998373,1
8.220833333333333,-0.8587679722332258,-49.203780389971705,-0.8589379116217581,-0.9644286113786951,14.874133380200874,1
8.225,-0.8628434337439599,-49.43728713410478,-0.8628271072740131,-0.9023520580412554,14.922029270276976,1
8.229166666666666,-0.8667962913296021,-49.66376919077835,-0.8664572450190443,-0.8400832034752052,14.966443272847185,1
8.233333333333333,-0.868846580244622,-49.78124209239145,-0.8698275536509873,-0.7776364877022477,15.007407880546761,1
8.2375,-0.8721104490785296,-49.96824800145864,-0.8729373219042205,-0.7150262195289465,15.044953682489748,1
8.241666666666667,-0.8764603610015621,-50.21747959590204,-0.8757858980006292,-0.6522665826317247,15.079109272261748,1
8.245833333333334,-0.8780174687444053,-50.306695297814095,-0.8783726888763101,-0.5893716469353407,15.109901158850402,1
8.25,-0.8815450903263347,-50.50881312617791,-0.8806971598654886,-0.5263553775043994,15.137353690110622,1
8.254166666666666,-0.8839627783782661,-50.64733644773279,-0.8827588344084717,-0.46323164043937237,15.161488983259758,1
8.258333333333333,-0.8851042073847998,-50.71273551242098,-0.884557293432397,-0.4000142153397781,15.182326858296932,1
8.2625,-0.8853395948331032,-50.726222219759116,-0.8860921751101425,-0.33671680526016146,15.199884782924684,1
8.266666666666666,-0.8865314161322793,-50.7945085501357,-0.8873631746435309,-0.27335304358332724,15.214177824519394,1
8.270833333333334,-0.8879222923538489,-50.87419988745675,-0.8883700438500827,-0.20993650676247727,15.225218606636744,1
8.275,-0.8884798255799432,-50.906144188250266,-0.8891125910235851,-0.14648072464090373,15.233017275679924,1
8.279166666666667,-0.8891402302481383,-50.94398258850858,-0.8895906807800112,-0.08299918851469605,15.237581474150819,1
8.283333333333333,-0.8903640321579259,-51.01410127289946,-0.8898042338615466,-0.019505363948727813,15.23891632030099,1
8.2875,-0.8893763035713588,-50.95750859358474,-0.8897532270972665,0.04398728244670316,15.237005047978469,1
8.291666666666666,-0.8887392047043815,-50.921005517374375,-0.8894376937833589,0.10746508764723349,15.231790266996144,1
8.295833333333333,-0.88819948109358,-50.890081632371896,-0.8888577244548047,0.17091427100758422,15.223265805111206,1
8.3,-0.8869759444652516,-50.81997814748901,-0.8880134671079126,0.23432103281689073,15.211426852340734,1
8.304166666666667,-0.8862870155871134,-50.78050543038701,-0.8869051272990235,0.29767154801685,15.196266173758595,1
8.308333333333334,-0.8852262718219047,-50.71972928949573,-0.8855329682404963,0.3609519574236774,15.177774133807002,1
8.3125,-0.8829634287413419,-50.590077931279104,-0.8838973109988231,0.4241483557150313,15.155938728854151,1
8.316666666666666,-0.8820216788436804,-50.536119636786225,-0.8819985346788969,0.48724678336205796,15.13074562639448,1
8.320833333333333,-0.880606657488639,-50.45504488522146,-0.879837076675949,0.5502332163180474,15.102178212036767,1
8.325,-0.8775557357725138,-50.28023994726268,-0.8774134330014113,0.6130935558620902,15.070217644305675,1
8.329166666666666,-0.875378208722183,-50.15547683750315,-0.8747281585342487,0.6758136214339636,15.03484291531604,1
8.333333333333334,-0.8723710716516383,-49.98318057494361,-0.8717818674548263,0.7383791398209347,14.996030920691252,1
8.3375,-0.8687013499786914,-49.77292101109607,-0.8685752336469619,0.8007757369220475,14.95375653588165,1
8.341666666666667,-0.8658005078726955,-49.60671500138866,-0.8651089910387033,0.862988931126333,14.907992698488155,1
8.345833333333333,-0.8616526813300137,-49.36906204634065,-0.8613839341969297,0.9250041231567563,14.858710500700646,1
8.35,-0.8590534093339008,-49.22013473115684,-0.8574009187987809,0.9868065894146499,14.805879286873035,1
8.354166666666666,-0.8529747281650271,-48.87185195517472,-0.8531608620383992,1.048381476418563,14.749466756953169,1
8.358333333333333,-0.8486636913844574,-48.624847742322416,-0.8486647433601635,1.1097137917525466,14.68943908088613,1
8.3625,-0.8446266493792833,-48.39354227370891,-0.8439136050346456,1.170788398719879,14.625761017555055,1
8.366666666666667,-0.838333252172664,-48.0329571749702,-0.8389085525473468,1.2315900126895216,14.558396037769949,1
8.370833333333334,-0.8328325711850212,-47.71779136993041,-0.8336507554785192,1.292103193078165,14.487306460248224,1
8.375,-0.8295443088173293,-47.52938781432997,-0.8281414481895217,1.352312339732315,14.412453591388408,1
8.379166666666666,-0.8230475331118587,-47.15714998596338,-0.8223819301782325,1.4122016910224626,14.333797866863275,1
8.383333333333333,-0.8170447703267765,-46.813217012959974,-0.8163735670057608,1.4717553179685183,14.251299007012687,1
8.3875,-0.8109380113001899,-46.463325494233146,-0.8101177911119872,1.5309571218347444,14.164916176750113,1
8.391666666666666,-0.8028922489135982,-46.002337266516335,-0.8036161022663066,1.589790834047817,14.074608146335228,1
8.395833333333334,-0.7970392134582522,-45.66698303758458,-0.7968700682433516,1.6482400140363862,13.980333460829465,1
8.4,-0.7901121586173506,-45.270092030745246,-0.7898813258722877,1.706288046414619,13.882050620177035,1
8.404166666666667,-0.7844002814576642,-44.94282557639804,-0.7826515816568793,1.7639181443950387,13.779718258527184,1
8.408333333333333,-0.7746281052464064,-44.38292112283483,-0.7751826120840908,1.821113350465599,13.673295324228617,1
8.4125,-0.7685577217669215,-44.0351137694344,-0.7674762648032628,1.87785653510558,13.562741276658377,1
8.416666666666666,-0.7594821582809952,-43.51512228498779,-0.7595344593673716,1.9341304012336098,13.448016281324882,1
8.420833333333333,-0.7511171305697552,-43.03584150162376,-0.7513591876115787,1.98991748958071,13.32908140386347,1
8.425,-0.7417651155801235,-42.50001051277478,-0.7429525142047708,2.045200180624659,13.205898810212968,1
8.429166666666667,-0.7354587391454378,-42.138681759046534,-0.7343165778813431,2.099960696655251,13.078431979985517,1
8.433333333333334,-0.7280886132854395,-41.716404652788405,-0.7254535918392863,2.154181113821536,12.94664591056145,1
8.4375,-0.7162054049445284,-41.03554696777954,-0.7163658439387407,2.207843366836899,12.8105073209022,1
8.441666666666666,-0.7054844551667094,-40.421281793138796,-0.7070556975835263,2.2609292540659327,12.669984867323937,1
8.445833333333333,-0.6964444079806512,-39.90332524277854,-0.6975255926363697,2.3134204449531484,12.52504936148498,1
8.45,-0.6875950831524286,-39.396296278581055,-0.687778045507646,2.3652984972807154,12.375673976765311,1
8.454166666666666,-0.67824468279306,-38.86055780123163,-0.6778156492849988,2.4165448613322704,12.221834456049383,1
8.458333333333334,-0.6669367274513239,-38.212659685227734,-0.6676410747902523,2.46714088933809,12.063509333279356,1
8.4625,-0.658106650335971,-37.70673353374296,-0.657257071005715,2.5170678494046395,11.900680144854071,1
8.466666666666667,-0.6462507643002655,-37.027441301508944,-0.6466664648749016,2.5663069451170992,11.733331629758961,1
8.470833333333333,-0.6354310555056699,-36.407517652018036,-0.6358721614330718,2.6148393205813183,11.561451933264284,1
8.475,-0.6239519371520575,-35.74981261782489,-0.6248771448344635,2.662646074675019,11.38503282182123,1
8.479166666666666,-0.6112762204764143,-35.02354755000693,-0.6136844781721499,2.7097082815769906,11.204069875693332,1
8.483333333333333,-0.6019548555276025,-34.489472679138835,-0.602297303060836,2.756007010324541,11.018562673611635,1
8.4875,-0.5911629943262514,-33.87114457921044,-0.5907188397741772,2.8015233326030833,10.828514982001037,1
8.491666666666667,-0.5789747058238933,-33.17280708853749,-0.5789523880263091,2.8462383412815977,10.633934949028736,1
8.495833333333334,-0.5685451360562118,-32.5752367587121,-0.5670013260933111,2.890133177520133,10.434835265330248,1
8.5,-0.5554753618836523,-31.826393859435356,-0.5548691103089352,2.9331890473180287,10.231233324096259,1
8.504166666666666,-0.5429164414813962,-31.106820725145337,-0.542559275175613,2.975387235044553,10.023151383894112,1
8.508333333333333,-0.5305327870121378,-30.397289589108514,-0.5300754336063648,3.0167091246659914,9.810616725379244,1
8.5125,-0.5172883206613641,-29.638437565306145,-0.5174212753687862,3.0571362326106666,9.593661768248992,1
8.516666666666666,-0.5053182634572474,-28.95260380698009,-0.5046005666745425,3.096650219093903,9.37232419842837,1
8.520833333333334,-0.4906388663820462,-28.111536308774376,-0.49161715019007823,3.13523290869975,9.146647091820482,1
8.525,-0.4784747634958368,-27.414584551831673,-0.47847494419406617,3.1728663172386864,8.916679012308242,1
8.529166666666667,-0.4651860569258707,-26.653197750184848,-0.46517794086460257,3.209532680868981,8.682474082594355,1
8.533333333333333,-0.4520163480634005,-25.89862901494927,-0.4517302059432483,3.2452144677400105,8.444092067303659,1
8.5375,-0.43800044888344636,-25.09557714585703,-0.4381358783035344,3.2798944043444864,8.201598441166652,1
8.541666666666666,-0.42367913369820576,-24.275026228666125,-0.42439916776675285,3.3135555078312944,7.955064412516102,1
8.545833333333333,-0.41128106788812585,-23.5646693836231,-0.4105243540227417,3.3461811029787096,7.7045669527962595,1
8.55,-0.3970901010071405,-22.75158687413271,-0.39651578602733906,3.3777548434514513,7.450188820193475,1
8.554166666666667,-0.38264293113030134,-21.92382501428129,-0.3823778801689934,3.408260741707985,7.192018546076044,1
8.558333333333334,-0.36928961205980054,-21.15873618905004,-0.3681151181137273,3.437683194477711,6.930150400364265,1
8.5625,-0.35444698337346486,-20.3083162084432,-0.35373204601971575,3.466006998858733,6.664684366798397,1
8.566666666666666,-0.3396488539909792,-19.460445850138235,-0.33923327288047533,3.493217379904445,6.395726086325938,1
8.570833333333333,-0.32386041914852803,-18.555835168548487,-0.3246234676558907,3.519300019267254,6.123386762099169,1
8.575,-0.30967823021159563,-17.74325559820513,-0.3099073581955704,3.5442410697102766,5.847783082236905,1
8.579166666666666,-0.29492079041336516,-16.897716581348135,-0.29508972948096557,3.5680271802900303,5.569037113767755,1
8.583333333333334,-0.27943287185532445,-16.010324214530055,-0.2801754204072415,3.5906455239073134,5.2872761531619235,1
8.5875,-0.26528920186869137,-15.199951617470127,-0.26516932236834523,3.6120838116736516,5.0026325954333135,1
8.591666666666667,-0.24973563237250024,-14.308797728974957,-0.2500763772347285,3.632330315684158,4.715243776093856,1
8.595833333333333,-0.23499165190529075,-13.46402987498053,-0.23490157393287314,3.6513738935669453,4.425251771190066,1
8.6,-0.21941837445409018,-12.571746803840487,-0.21964994678948274,3.6692040021286028,4.132803216393308,1
8.604166666666666,-0.20483512596566006,-11.736188213862903,-0.20432657309966884,3.6858107178811648,3.8380490966899248,1
8.608333333333333,-0.19106483908472152,-10.947208892900758,-0.18893656962141875,3.7011847573982513,3.5411445014783047,1
8.6125,-0.1736022714736666,-9.946677469325463,-0.17348509079881808,3.715317489495258,3.2422483998608262,1
8.616666666666667,-0.1567357437267319,-8.980296614385807,-0.15797732569680972,3.7282009535919283,2.941523378243709,1
8.620833333333334,-0.14161021934491058,-8.113667904385222,-0.14241849476250054,3.739827874435077,2.6391353626984655,1
8.625,-0.12597137951713738,-7.217628385772718,-0.12681384775196675,3.7501916732212424,2.335253352923715,1
8.629166666666666,-0.11008993250252576,-6.307688499274831,-0.11116866005655439,3.7592864823514858,2.030049114683605,1
8.633333333333333,-0.09541086169975696,-5.466639695102466,-0.09548823004321513,3.767107154703136,1.7236968827814996,1
8.6375,-0.07960568580219955,-4.561069821710533,-0.07977787624020602,3.7736492734955407,1.4163730526120761,1
8.641666666666666,-0.0645819366493556,-3.700272402789329,-0.06404293368902994,3.77890916145165,1.1082558480388207,1
8.645833333333334,-0.048564577137097005,-2.7825453037931887,-0.0482887515364043,3.7828838865857666,0.7995250073174482,1
8.65,-0.03198332763795623,-1.8325096884390122,-0.032520689338071104,3.785571268755434,0.49036143853225533,1
8.654166666666667,-0.015693526928321187,-0.8991728586677108,-0.01674411429042692,3.7869698832973304,0.18094688920287721,1
8.658333333333333,-0.001086087721659306,-0.06222824263205752,-0.000964397889645449,3.7870790640161776,-0.128536398268917,1
8.6625,0.014420222875988578,0.8262179104321474,0.014813087122428074,3.7858989045138727,-0.4379060272646852,1
8.666666666666666,0.030583430777084197,1.752301506557432,0.03058297004606606,3.7834302580627353,-0.7469797927592422,1
8.670833333333333,0.04686453710571132,2.685140184991501,0.04633988524301012,3.779674736191028,-1.0555760212572967,1
8.675,0.06081847442552436,3.48464190100688,0.062078475448639744,3.7746347056191194,-1.3635139146629018,1
8.679166666666667,0.07578959881940618,4.342424143341661,0.07779339471209751,3.7683132840932685,-1.6706138839135167,1
8.683333333333334,0.09299887774629807,5.328443194315993,0.09347931178015731,3.7607143343784486,-1.9766978871651353,1
8.6875,0.10806564029147188,6.191705099080238,0.10913091284408236,3.751842457567062,-2.2815897503159217,1
8.691666666666666,0.124299469038405,7.121834971617655,0.12474290501393902,3.7417029839205997,-2.585115495348811,1
8.695833333333333,0.14018105621501686,8.031782888806605,0.14031001887166744,3.7303019641388286,-2.887103643400126,1
8.7,0.1554314780522721,8.905567695875476,0.15582701190561596,3.717646156863298,-3.1873855264617323,1
8.704166666666666,0.1725561881408814,9.886741309337891,0.17128867110313944,3.7037430179456177,-3.4857955734831387,1
8.708333333333334,0.1869749545027494,10.712875767658128,0.18668981590495118,3.6886006856887237,-3.782171593079399,1
8.7125,0.20228751461817548,11.5902208358124,0.20202530127352397,3.672227966574685,-4.076355047348816,1
8.716666666666667,0.21783299804068562,12.480911426412817,0.21729001987603622,3.654634320576407,-4.368191296727434,1
8.720833333333333,0.23148508612185817,13.263118455004859,0.23247890549865952,3.6358298417283446,-4.657529855667747,1
8.725,0.2484937311818129,14.237642032176302,0.24758693508247454,3.6158252437150775,-4.944224608819432,1
8.729166666666666,0.262543014548289,15.04260667425873,0.2626091313610624,3.594631838922147,-5.228134024593155,1
8.733333333333333,0.2781256704923283,15.935427093456628,0.2775405657752451,3.5722615186383537,-5.509121359586781,1
8.7375,0.2914409881760907,16.698338599612125,0.2923763600674841,3.5487267359028483,-5.787054823302561,1
8.741666666666667,0.3057557789074161,17.518515693130063,0.3071116892198513,3.524040479774617,-6.0618077526782725,1
8.745833333333334,0.3224555269418101,18.47534077443273,0.32174178356928274,3.4982162570480297,-6.333258755906467,1
8.75,0.33659040960442776,19.28520989491336,0.3362619303261141,3.471268070942521,-6.601291829360628,1
8.754166666666666,0.3498802879424439,20.046663833924022,0.3506674764247575,3.4432103931195153,-6.865796483178334,1
8.758333333333333,0.36419490586294434,20.866831026111033,0.36495383007050847,3.414058146036936,-7.12666782714521,1
8.7625,0.3800985892160419,21.778044960955988,0.3791164620908164,3.383826679058761,-7.383806636983826,1
8.766666666666666,0.3921129508779218,22.466417177725486,0.39315090856256746,3.352531738839758,-7.6371194279355725,1
8.770833333333334,0.4084862745556928,23.404539521063384,0.40705277197730405,3.320189452233136,-7.886518486470928,1
8.775,0.42003178243922495,24.066048395124795,0.42081772229579173,3.2868163013792584,-8.131921884435684,1
8.779166666666667,0.4349986013336194,24.923583950510256,0.43444149928261877,3.2524290928021222,-8.373253500813824,1
8.783333333333333,0.44763313973311675,25.64748967689743,0.447919913452352,3.2170449410296333,-8.610443004300592,1
8.7875,0.4617752270686475,26.45777159472875,0.46124884673469585,3.1806812439206,-8.843425816323883,1
8.791666666666666,0.4739494253631413,27.15530177595861,0.47442425440529606,3.1433556515328562,-9.072143082237844,1
8.795833333333333,0.48730010239965443,27.92023922379304,0.487442166010147,3.105086049243602,-9.29654161179019,1
8.8,0.5003343943368905,28.667049140738065,0.5002986856199977,3.0658905354275596,-9.516573794901934,1
8.804166666666667,0.5121154196123653,29.342052167359718,0.5129899931536439,3.025787391896499,-9.732197523477899,1
8.808333333333334,0.5261588366566443,30.14668069393899,0.5255123454563186,2.98479506350471,-9.943376097443505,1
8.8125,0.5374142129797889,30.791566254086646,0.5378620763048304,2.9429321406837508,-10.15007810149307,1
8.816666666666666,0.549836105797358,31.503288286097227,0.5500355968569811,2.9002173341373996,-10.352277278909346,1
8.820833333333333,0.5611616633477184,32.152194934365404,0.5620293968728217,2.85666944803548,-10.549952408467274,1
8.825,0.5716039868281281,32.75049599810324,0.5738400447721607,2.812307368854418,-10.743087153335905,1
8.829166666666666,0.5852974841046351,33.53507559882098,0.5854641872756396,2.7671500436720553,-10.931669894561676,1
8.833333333333334,0.599003954399305,34.320398498726995,0.5968985502647282,2.7212164535090166,-11.11569357698824,1
8.8375,0.6088246355567302,34.88308208099111,0.6081399391492759,2.67452559982482,-11.295155540531148,1
8.841666666666667,0.6191684304948342,35.47573787509326,0.6191852383469116,2.6270964893995323,-11.470057330862197,1
8.845833333333333,0.6298019955321588,36.08499627290983,0.6300314110593079,2.5789481151147258,-11.640404509620188,1
8.85,0.6406951050343269,36.70912547315792,0.6406754998443784,2.530099432880038,-11.806206472424376,1
8.854166666666666,0.651592078008729,37.333476034059274,0.6511146265107087,2.48056935512431,-11.96747625259662,1
8.858333333333333,0.6603155375389693,37.83329344789522,0.6613459911128134,2.4303767348395215,-12.124230307193878,1
8.8625,0.6723393010673832,38.52220435193666,0.6713668719424645,2.379540348200027,-12.276488316242062,1
8.866666666666667,0.6817989136269369,39.06420022742804,0.681174625658852,2.328078879737274,-12.424272982052393,1
8.870833333333334,0.6913934221270174,39.61392507098504,0.690766686849296,2.2760109164932247,-12.567609818671173,1
8.875,0.7005232090717682,40.137023330772905,0.700140566805151,2.223354935621781,-12.706526928610359,1
8.879166666666666,0.7093109722613912,40.64052507289872,0.7092938534981413,2.1701292894375643,-12.841054797798025,1
8.883333333333333,0.7188113936606225,41.184859122670446,0.7182242114617895,2.1163521973522563,-12.971226089569447,1
8.8875,0.7274458362454721,41.67957624123036,0.7269293809857909,2.0620417404580764,-13.097075429430747,1
8.891666666666666,0.7350982181438427,42.118025427229306,0.7354071769484438,2.007215853687341,-13.21863918615437,1
8.895833333333334,0.7431549266195105,42.57964081965235,0.743655488596127,1.9518923144054496,-13.33595526880325,1
8.9,0.7517611657251226,43.072741997884364,0.7516722793393124,1.8960887387675478,-13.449062926517087,1
8.904166666666667,0.7608073606976906,43.591050790464976,0.759455585606524,1.8398225782799404,-13.558002537529626,1
8.908333333333333,0.765922190935557,43.88410897602061,0.767003515848303,1.7831111154305697,-13.662815403884702,1
8.9125,0.7730335927652886,44.29156228728585,0.7743142501524678,1.725971457146604,-13.763543558516652,1
8.916666666666666,0.7815298209302822,44.77836030292016,0.7813860399723855,1.6684205336085884,-13.86022957795176,1
8.920833333333333,0.7882616146128797,45.16406366948583,0.7882172067155716,1.6104750979405278,-13.952916383383261,1
8.925,0.7949574101377237,45.54770449354197,0.7948061409990161,1.5521517246984289,-14.041647055910857,1
8.929166666666667,0.8013641915257977,45.914786027341584,0.8011513021995841,1.493466807835894,-14.126464660715664,1
8.933333333333334,0.80705643729256,46.24092768572827,0.8072512180046226,1.4344365614288923,-14.207412076354021,1
8.9375,0.8144046340743141,46.66194834835439,0.8131044829538795,1.3750770228832785,-14.28453181579265,1
8.941666666666666,0.8173127056622093,46.82856857686269,0.8187097579338438,1.3154040539642384,-14.357865866085259,1
8.945833333333333,0.8233427697381617,47.17406579860822,0.8240657697844312,1.2554333416754726,-14.42745553519744,1
8.95,0.8290812036616266,47.50285384343746,0.8291713104382745,1.1951804022551116,-14.493341298524792,1
8.954166666666666,0.832591283142172,47.70396658342818,0.8340252358915006,1.134660586413347,-14.555562649369726,1
8.958333333333334,0.8384730038219043,48.040964354651656,0.8386264657399779,1.0738890830570171,-14.61415796310822,1
8.9625,0.8444238890664039,48.381924963528164,0.8429739828256234,1.0128809217916763,-14.669164368957357,1
8.966666666666667,0.8470850590063108,48.534398769651915,0.8470668321068137,0.9516509812338946,-14.72061761811751,1
8.970833333333333,0.8511054446567481,48.76474989943693,0.8509041201371419,0.8902139952617499,-14.768551966351204,1
8.975,0.8533853135143513,48.8953767628209,0.8544850147278454,0.8285845571805477,-14.813000065348358,1
8.979166666666666,0.857270867436144,49.11800260361013,0.8578087442337698,0.7667771271537658,-14.85399285585385,1
8.983333333333333,0.8605471762485575,49.30572127094294,0.8608745968574684,0.7048060414557379,-14.891559467739082,1
8.9875,0.8634046616153626,49.469443122481266,0.863681920341447,0.6426855190678062,-14.925727131630824,1
8.991666666666667,0.8673485667462517,49.695412241281204,0.8662301215432232,0.5804296679711036,-14.956521095667648,1
8.995833333333334,0.8690053430268153,49.790338529754884,0.8685186657658857,0.5180524963272242,-14.98396454597319,1
9.0,0.869577146456911,49.82310045301047,0.870547076499213,0.4555679209104121,-15.008078538992907,1
9.004166666666666,0.8725300511327274,49.9922894282392,0.8723149351324505,0.39298977344453473,-15.028881940106222,1
9.008333333333333,0.8742566609362127,50.09121688284481,0.8738218804403971,0.33033181268279577,-15.046391366235376,1
9.0125,0.8760625761372502,50.19468820202279,0.875067608402968,0.2676077336823767,-15.060621139316524,1
9.016666666666666,0.8774311539402164,50.27310193406803,0.876051871993099,0.20483117506749926,-15.071583246031695,1
9.020833333333334,0.8758886440667889,50.184722628463376,0.8767744808600523,0.14201573143015886,-15.079287303060736,1
9.025,0.8765276945774302,50.22133752561881,0.8772353012441876,0.07917496249119395,-15.083740531876982,1
9.029166666666667,0.8763368121215266,50.210400766512436,0.8774342558334386,0.016322402067080605,-15.084947739513346,1
9.033333333333333,0.877167102823779,50.25797291952045,0.8773713236766024,-0.04652840853081176,-15.082889658297878,1
9.0375,0.8774535150608214,50.27438313190388,0.8770465406044045,-0.10936373176745223,-15.077511590814709,1
9.041666666666666,0.8773216118932339,50.26682563709671,0.8764599999865805,-0.17216972064945696,-15.068808527594786,1
9.045833333333333,0.8755455731556251,50.16506611317998,0.8756118529272662,-0.23493251175482646,-15.056775791379529,1
9.05,0.8742231887184811,50.08929906603785,0.8745023083377385,-0.29763821802896717,-15.041406390066607,1
9.054166666666667,0.8732640668920022,50.034345433341734,0.8731316330604544,-0.3602729180042797,-15.022691041383421,1
9.058333333333334,0.8707713523672489,49.89152341154241,0.8715001520351541,-0.4228226468994099,-15.000618204843313,1
9.0625,0.8714317150067866,49.929359403736036,0.8696082484797123,-0.4852733876234506,-14.975174120674508,1
9.066666666666666,0.8660534152634238,49.62120552748506,0.867456364172384,-0.5476110602882832,-14.9463428568443,1
9.070833333333333,0.8652062162361667,49.572664598815635,0.8650449996679781,-0.6098215152447185,-14.91410636192892,1
9.075,0.8641406442173657,49.511611819371105,0.8623747146528962,-0.6718905228401144,-14.878444526573444,1
9.079166666666666,0.8594520622990743,49.242975863551656,0.8594461283152646,-0.7338037649138901,-14.839335251845586,1
9.083333333333334,0.8560940792934078,49.050577609650304,0.8562599196368121,-0.7955468284400807,-14.79675452324245,1
9.0875,0.8525048979358376,48.8449326659545,0.8528168279120488,-0.8571051955750539,-14.750676494385583,1
9.091666666666667,0.8489602317417163,48.64183825324865,0.8491176531812145,-0.9184642368685885,-14.701073576198153,1
9.095833333333333,0.8463612928968461,48.49293002622498,0.8451632565961418,-0.9796092056998178,-14.647916531781775,1
9.1,0.839024347431631,48.07255401655051,0.8409545610792387,-1.0405252293011247,-14.591174581752885,1
9.104166666666666,0.8378307251847048,48.004164499468715,0.8364925518372716,-1.1011973033862719,-14.530815514135622,1
9.108333333333333,0.8305356397073231,47.58618689042757,0.831778276743202,-1.1616102881235975,-14.46680579890926,1
9.1125,0.8265801490740365,47.359553971236714,0.8268128471291991,-1.2217489002145148,-14.399110714434473,1
9.116666666666667,0.8212228519831596,47.05260345833175,0.8215974384046609,-1.2815977090942352,-14.32769447778906,1
9.120833333333334,0.8166469000121864,46.79042072314042,0.8161332903931425,-1.341141134748195,-14.252520377462947,1
9.125,0.8090270816412298,46.353837289828355,0.8104217082310634,-1.400363441307905,-14.173550919715066,1
9.129166666666666,0.8048673848192872,46.11550421787706,0.8044640630824947,-1.4592487348634153,-14.090747978350304,1
9.133333333333333,0.8000283359153219,45.83824713882244,0.7982617925150137,-1.5177809629045085,-14.004072945618177,1
9.1375,0.7906268075321993,45.299579241497064,0.7918164012650863,-1.5759439110692137,-13.913486894037293,1
9.141666666666666,0.7852950120074456,44.99408986070193,0.7851294621456385,-1.6337212010466458,-13.818950745632984,1
9.145833333333334,0.7776249281288158,44.554626425945116,0.7782026165584195,-1.6910962929587114,-13.720425440847103,1
9.15,0.7714092315845912,44.198493247227,0.7710375748850817,-1.7480524853476478,-13.61787211072551,1
9.154166666666667,0.7636528272372907,43.754084013929756,0.7636361176492734,-1.8045729131856838,-13.51125226467476,1
9.158333333333333,0.755440293167711,43.28354047263544,0.7560000961012743,-1.8606405531884558,-13.400527974466101,1
9.1625,0.7485571813969901,42.88916721825631,0.7481314325119788,-1.9162382268780511,-13.28566205826075,1
9.166666666666666,0.7416067117629952,42.49093464259457,0.7400321209945995,-1.9713486018199575,-13.166618275962307,1
9.170833333333333,0.7315376334762768,41.91401895317878,0.7317042284622859,-2.025954194723132,-13.043361530087262,1
9.175,0.7237780022641103,41.46942483414366,0.7231498949687171,-2.0800373819870663,-12.91585806059852,1
9.179166666666667,0.713242740364335,40.86579879122156,0.7143713339264279,-2.1335804023770346,-12.784075640775134,1
9.183333333333334,0.7045361850710218,40.366949918817426,0.7053708332640878,-2.1865653613946394,-12.647983789075486,1
9.1875,0.6965630081717179,39.91012053317611,0.6961507559239127,-2.238974241699239,-12.507553973061333,1
9.191666666666666,0.6880086755388114,39.419993376759535,0.6867135399798326,-2.2907889149609666,-12.362759808832084,1
9.195833333333333,0.6773720301460973,38.81055848757974,0.6770616989560796,-2.341991146115668,-12.213577264418657,1
9.2,0.6669246283392972,38.21196645717275,0.6671978230084191,-2.3925626017002974,-12.059984876510569,1
9.204166666666666,0.6571239605240174,37.650429554947515,0.6571245788894386,-2.4424848677857964,-11.901963948185365,1
9.208333333333334,0.6457535233239075,36.99895149216267,0.6468447099214161,-2.4917394607693004,-11.739498745937997,1
9.2125,0.6368885755790575,36.49102740077875,0.6363610364378741,-2.540307835631476,-11.572576702534572,1
9.216666666666667,0.6264464375340362,35.892736961706035,0.6256764566821987,-2.5881713977562284,-11.401188625054267,1
9.220833333333333,0.6143994230307551,35.202493874935136,0.6147939462719738,-2.63531152796213,-11.22532887716,1
9.225,0.6033063689353155,34.56690869335614,0.6037165580903929,-2.6817095911044335,-11.044995565142356,1
9.229166666666666,0.5926794453038315,33.958030820064266,0.5924474227779915,-2.7273469492260487,-10.860190729363504,1
9.233333333333333,0.5806086392348122,33.266424576988555,0.5809897490999296,-2.7722049784151754,-10.670920529136152,1
9.2375,0.569289111379619,32.61786340480521,0.5693468229730276,-2.8162650971537624,-10.477195399821127,1
9.241666666666667,0.5593543602743369,32.048644095959624,0.5575220073444959,-2.8595087736588516,-10.279030218362694,1
9.245833333333334,0.5453031720294262,31.243570312382406,0.5455187426201794,-2.9019175443275205,-10.076444470786075,1
9.25,0.5330278354258576,30.54024533289547,0.533340546200601,-2.9434730369045,-9.869462397423757,1
9.254166666666666,0.5204259244787877,29.81820902182865,0.5209910113064198,-2.9841569967922053,-9.658113117622051,1
9.258333333333333,0.5091232368682037,29.170612724587386,0.5084738068597247,-3.023951296107768,-9.442430763984007,1
9.2625,0.4956345296901746,28.397766732198498,0.4957926776155176,-3.062837956884886,-9.222454611001691,1
9.266666666666666,0.4823847577635991,27.638610721294803,0.48295144264321854,-3.1007991805964763,-8.998229165039568,1
9.270833333333334,0.47110704966599437,26.99244564472154,0.4699539943768423,-3.137817366502619,-8.769804253407795,1
9.275,0.45804313571322386,26.243938511305718,0.4568042983882255,-3.1738751283791853,-8.537235114718353,1
9.279166666666667,0.44298242424839956,25.381023307906993,0.4435063926548348,-3.208955320264442,-8.300582468277598,1
9.283333333333333,0.4284355220240592,24.547547205462823,0.4300643854126221,-3.24304106767556,-8.059912545564313,1
9.2875,0.4173616761783663,23.913062575526137,0.4164824546210377,-3.276115779203144,-7.815297137862554,1
9.291666666666666,0.4021673950777201,23.04249439572372,0.40276484730856343,-3.308163171671355,-7.56681362794433,1
9.295833333333333,0.38960582829414186,22.322769634952962,0.3889158773013447,-3.339167300688203,-7.314544978557809,1
9.3,0.3732206839253739,21.38397001591001,0.374939923836633,-3.36911257885438,-7.058579722823598,1
9.304166666666667,0.3616203689109813,20.719320924563075,0.36084143078858827,-3.3979837955228964,-6.799011951225896,1
9.308333333333334,0.34556795769462756,19.79958551085754,0.34662490459331163,-3.425766145537482,-6.535941259712127,1
9.3125,0.3329326239762862,19.07563421605724,0.33229491197962885,-3.4524452527266414,-6.269472679133433,1
9.316666666666666,0.31786853463090864,18.212525474359115,0.3178560790295033,-3.4780071858718418,-5.999716614375846,1
9.320833333333333,0.30248061993834024,17.330862906967596,0.303313089124992,-3.5024384852271164,-5.726788747302088,1
9.325,0.288315473919917,16.519259823925402,0.28867068011170455,-3.5257261872354015,-5.450809909706731,1
9.329166666666666,0.27453256896161604,15.729557540384821,0.273933643122061,-3.5478578389440125,-5.171905972578798,1
9.333333333333334,0.25919923067541895,14.851021970739367,0.259106820332096,-3.5688215221607678,-4.8902077000229305,1
9.3375,0.24470509837564683,14.02056936225818,0.2441951018406149,-3.588605876342578,-4.605850571672864,1
9.341666666666667,0.2309281940369529,13.231210888895545,0.22920342425346107,-3.607200112146661,-4.318974623288079,1
9.345833333333333,0.21277170973895113,12.190920967824495,0.21413676806000415,-3.6245940333009132,-4.029724249966063,1
9.35,0.20041143867529213,11.482729602239157,0.19900015446839922,-3.640778055711565,-3.738247985270332,1
9.354166666666666,0.18388971149335703,10.536104364447706,0.18379864375816776,-3.6557432201555944,-3.444698296512196,1
9.358333333333333,0.16775299507007022,9.61153861819393,0.16853733211545233,-3.6694812116043862,-3.149231337991204,1
9.3625,0.15206043109072334,8.712420932438333,0.1532213487333878,-3.6819843733016313,-2.852006697481143,1
9.366666666666667,0.13769081508159833,7.889102581891848,0.13785585375668422,-3.693245718836976,-2.553187147885779,1
9.370833333333334,0.12325032611271565,7.0617235098696485,0.12244603466249285,-3.703258947512816,-2.2529383579241253,1
9.375,0.10688579620617103,6.124105012509026,0.10699710381160156,-3.7120184538097694,-1.951428616078157,1
9.379166666666666,0.09283302712332486,5.318940653590012,0.09151429567129679,-3.719519338171794,-1.6488285393375537,1
9.383333333333333,0.07473647358112749,4.2820845118895825,0.07600286327194251,-3.725757416923755,-1.3453107591410447,1
9.3875,0.06045752632661531,3.4639610983161204,0.06046807592376609,-3.7307292286858296,-1.0410496251962624,1
9.391666666666666,0.04382229613449619,2.5108326170790933,0.044915215591266267,-3.734432042015764,-0.7362208771335818,1
9.395833333333334,0.029666902885804876,1.6997883265811018,0.029349574204953315,-3.7368638598579142,-0.43100132981623385,1
9.4,0.014550405741525432,0.8336768391923283,0.01377645048894457,-3.7380234235727876,-0.12556854545336252,1
9.404166666666667,-0.0021660371378937364,-0.12410478626990741,-0.0017988532045771638,-3.7379102154157047,0.17989949673048278,1
9.408333333333333,-0.019643639161026058,-1.1254976182046985,-0.017371033849815906,-3.736524459456605,0.4852247281381675,1
9.4125,-0.03276117589947147,-1.877077110925424,-0.032934790909588466,-3.733867121369197,0.7902293228691071,1
9.416666666666666,-0.04810370316676174,-2.7561391704055405,-0.04848482945166881,-3.7299399066467984,1.0947360280885683,1
9.420833333333333,-0.06366304937426588,-3.6476240400784117,-0.06401586310539714,-3.7247452576424953,1.3985684893665749,1
9.425,-0.07844419392022746,-4.4945212389348255,-0.0795226173244679,-3.718286348973295,1.7015515789772908,1
9.429166666666667,-0.09593450280775276,-5.496642120570179,-0.09499983214897893,-3.710567082020568,2.0035117103034774,1
9.433333333333334,-0.10984866503709968,-6.293864891772098,-0.11044226557035984,-3.7015920773993365,2.304277158808974,1
9.4375,-0.12480403696818217,-7.150744584471541,-0.12584469609055757,-3.691366667286519,2.6036783611066943,1
9.441666666666666,-0.14275403660060765,-8.1792038056709,-0.1412019261318074,-3.6798968846902187,2.9015482232965852,1
9.445833333333333,-0.1562298356539349,-8.95131021699294,-0.1565087844950498,-3.667189453997889,3.1977224027094753,1
9.45,-0.17220010942035466,-9.86633950147729,-0.17176012951669303,-3.653251777372803,3.49203959397768,1
9.454166666666666,-0.18702199379139992,-10.715570920369101,-0.18695085183836738,-3.6380919226624875,3.784341797734488,1
9.458333333333334,-0.2017724718475334,-11.560711058785884,-0.20207587681600842,-3.6217186090710243,4.074474571531706,1
9.4625,-0.21755535497460946,-12.46500365051558,-0.21713016784193218,-3.604141190309745,4.362287286737312,1
9.466666666666667,-0.23269839476879864,-13.332635919721275,-0.23210872823061382,-3.5853696410636826,4.6476333457940155,1
9.470833333333333,-0.2469768006780852,-14.15072831649805,-0.2470066042847193,-3.5654145364303225,4.930370409009668,1
9.475,-0.26276768878910645,-15.055479560022876,-0.2618188877185018,-3.5442870359724234,5.2103605958661845,1
9.479166666666666,-0.2774882787182549,-15.898907234905865,-0.276540717538258,-3.521998865315921,5.4874706621128615,1
9.483333333333333,-0.2905744181383313,-16.648687793796018,-0.291167283170215,-3.4985622927798863,5.761572186002135,1
9.4875,-0.3066963380407831,-17.572405761854473,-0.30569382612374363,-3.4739901135253533,6.032541712554205,1
9.491666666666667,-0.319534174652126,-18.30795961776295,-0.3201156420015292,-3.4482956267149065,6.300260889294517,1
9.495833333333334,-0.33402439625363606,-19.13818815973877,-0.334428083311204,-3.421492611257634,6.564616601774817,1
9.5,-0.3501326111330961,-20.06112088782167,-0.3486265606495727,-3.39359530926605,6.825501063910592,1
9.504166666666666,-0.36329783143251143,-20.815432447338125,-0.36270654472859204,-3.3646183997774815,7.082811908403403,1
9.508333333333333,-0.37562151171040625,-21.521527315330108,-0.3766635687460163,-3.334576974831565,7.336452268271934,1
9.5125,-0.39134945773300683,-22.42267224283469,-0.3904932292817335,-3.3034865218960348,7.5863308164805945,1
9.516666666666666,-0.4045964572676918,-23.181669407383904,-0.40419118809581206,-3.271362896039953,7.832361806754666,1
9.520833333333334,-0.4173499499964927,-23.91239071479498,-0.4177531741930903,-3.2382222956325926,8.074465104460659,1
9.525,-0.4304913472843783,-24.665337316295492,-0.43117498447017116,-3.2040812448498395,8.312566177702596,1
9.529166666666667,-0.4446719941644461,-25.477828533288733,-0.44445248507653234,-3.1689565660911594,8.546596086827522,1
9.533333333333333,-0.45810303933202423,-26.24737073584054,-0.45758161332144415,-3.132865353887673,8.776491469783817,1
9.5375,-0.4693171262699987,-26.88989058847926,-0.47055837813338747,-3.0958249589271274,9.002194488848238,1
9.541666666666666,-0.48186138458707933,-27.60862364716986,-0.48337886081183384,-3.057852962560244,9.223652769472059,1
9.545833333333333,-0.49518500202269744,-28.372010694077698,-0.49603921681748725,-3.018967147684777,9.440819344668746,1
9.55,-0.5084612220467991,-29.132682069345794,-0.5085356761717714,-2.9791854854931348,9.65365256394306,1
9.554166666666667,-0.5215698885183261,-29.88375333320894,-0.520864543614644,-2.9385261121616066,9.862115986643401,1
9.558333333333334,-0.533746899463067,-30.581444667427203,-0.5330222000056078,-2.8970072997961367,10.06617828582158,1
9.5625,-0.5445491233348753,-31.200366504637284,-0.5450051029111252,-2.8546474420315007,10.26581312864425,1
9.566666666666666,-0.5564446650748953,-31.88193084136214,-0.556809786401845,-2.811465035164855,10.460999034055945,1
9.570833333333333,-0.5672097360934217,-32.4987239768823,-0.5684328616053335,-2.767478653679031,10.651719234485965,1
9.575,-0.5793033928043096,-33.19163946529625,-0.5798710175910425,-2.722706928611395,10.837961535056692,1
9.579166666666666,-0.5924327062342079,-33.943893712733846,-0.5911210212248289,-2.6771685362339532,11.019718148790854,1
9.583333333333334,-0.6012617192519247,-34.44975889591508,-0.6021797167263135,-2.6308821788874606,11.196985520315293,1
9.5875,-0.6139149986440906,-35.17473840208605,-0.6130440264400328,-2.58386655962753,11.369764163296189,1
9.591666666666667,-0.6240460291567901,-35.755203692581986,-0.6237109510103581,-2.536140372444681,11.538058483404418,1
9.595833333333333,-0.633959227823127,-36.32318813763781,-0.63417756869254,-2.4877222878327476,11.70187658276959,1
9.6,-0.6426994866965089,-36.82396808293436,-0.6444410351200959,-2.43863093568374,11.861230068086764,1
9.604166666666666,-0.6517846677905317,-37.34451061573391,-0.6544985837040898,-2.388884885526197,12.01613386534903,1
9.608333333333333,-0.6638180597032919,-38.033973185561926,-0.6643475254547768,-2.3385026411595247,12.166606023360933,1
9.6125,-0.674145117079871,-38.62566998802936,-0.6739852478711115,-2.287502626914436,12.312667500654722,1
9.616666666666667,-0.6829427707124412,-39.12973841079357,-0.6834092148842659,-2.235903172695698,12.45434196768809,1
9.620833333333334,-0.6918423413941553,-39.63964625033415,-0.6926169668843899,-2.183722501683918,12.591655609531626,1
9.625,-0.7018859555275266,-40.21510295123427,-0.7016061202340004,-2.1309787255454227,12.724636920782649,1
9.629166666666666,-0.7088077485671538,-40.61169247906793,-0.7103743660136469,-2.0776898345609607,12.853316489318678,1
9.633333333333333,-0.7187186953227843,-41.17954789914444,-0.718919469935807,-2.023873685269815,12.977726798676846,1
9.6375,-0.7268049093962907,-41.64285383779565,-0.7272392721829753,-1.9695479941155434,13.097902030744091,1
9.641666666666666,-0.734750558022549,-42.09810596957416,-0.7353316865609105,-1.914730333459228,13.2138778602607,1
9.645833333333334,-0.7428267956516009,-42.56084030006359,-0.7431946993734782,-1.8594381258800763,13.325691247785283,1
9.65,-0.75009425546391,-42.97723507508983,-0.7508263691619862,-1.8036886354473742,13.43338024805981,1
9.654166666666667,-0.7587634815044533,-43.47394513885787,-0.7582248264832697,-1.747498965219559,13.53698382213034,1
9.658333333333333,-0.7658754829140689,-43.88143280351994,-0.7653882727227681,-1.6908860554946932,13.63654163914908,1
9.6625,-0.7732750448995789,-44.305396475535105,-0.7723149792173234,-1.6338666811192726,13.732093886696164,1
9.666666666666666,-0.7786197496961125,-44.611625503119804,-0.779003286873157,-1.5764574473448276,13.823681092278887,1
9.670833333333333,-0.7847718555137452,-44.964115201588044,-0.7854516058462581,-1.5186747895184507,13.911343950165099,1
9.675,-0.7912589319527348,-45.3357973029209,-0.7916584141397669,-1.4605349745887874,13.995123137923656,1
9.679166666666667,-0.79616098671405,-45.616664351686275,-0.7976222570271323,-1.4020541008378955,14.075059149587206,1
9.683333333333334,-0.803346630109051,-46.02837139130589,-0.8033417466613725,-1.3432480974787453,14.151192136502027,1
9.6875,-0.8082319742510541,-46.30828099211163,-0.8088155614378204,-1.2841327268008342,14.223561750203224,1
9.691666666666666,-0.8149951335338562,-46.69578147519091,-0.8140424447970793,-1.2247235884325327,14.29220698340211,1
9.695833333333333,-0.8193590129995522,-46.94581335087909,-0.8190212047824688,-1.1650361215885596,14.357166026996914,1
9.7,-0.8231437425248379,-47.16266237927652,-0.823750713721911,-1.1050856066457773,14.41847613451325,1
9.704166666666666,-0.8274889258170164,-47.411623043129104,-0.8282299071929214,-1.0448871713524401,14.476173483069797,1
9.708333333333334,-0.8327143178991621,-47.71101595573713,-0.8324577833427231,-0.9844557962829574,14.530293045286424,1
9.7125,-0.8364958846685654,-47.92768377157086,-0.836433402534221,-0.9238063186045338,14.580868471655114,1
9.716666666666667,-0.8414804815234499,-48.21328013392993,-0.8401558867979918,-0.8629534369533745,14.627931976616143,1
9.720833333333333,-0.8439359857056841,-48.35397016014867,-0.843624418951692,-0.8019117200528388,14.671514226764115,1
9.725,-0.8460612363551097,-48.47573805276819,-0.8468382422454969,-0.7406956131058287,14.71164424233545,1
9.729166666666666,-0.8492946989794844,-48.66100181435816,-0.8497966600497368,-0.679319441946168,14.748349305591702,1
9.733333333333333,-0.8520621217941122,-48.81956346176455,-0.8524990350586109,-0.6177974233808745,14.781654869585227,1
9.7375,-0.8549013532176114,-48.982239439391975,-0.8549447889537197,-0.5561436732921767,14.81158447938704,1
9.741666666666667,-0.8571272383901567,-49.109773265459566,-0.8571334021588393,-0.4943722118738668,14.838159700939597,1
9.745833333333334,-0.8596406521658927,-49.25378126697928,-0.8590644132656761,-0.4324969739723428,14.86140005237098,1
9.75,-0.8601275758846184,-49.28167994100708,-0.8607374187265706,-0.3705318187744274,14.88132294532058,1
9.754166666666666,-0.8617847044797435,-49.37662641561819,-0.862152072676814,-0.30849053600461557,14.897943634419159,1
9.758333333333333,-0.8628787190941637,-49.4393088357501,-0.8633080865381308,-0.2463868565347265,14.911275170671042,1
9.7625,-0.8646642808210495,-49.54161398676075,-0.8642052288218115,-0.18423446266448906,14.92132836398148,1
9.766666666666666,-0.8667224712004364,-49.65953960893405,-0.8648433250066233,-0.12204699497156118,14.928111753155527,1
9.770833333333334,-0.8642648109433771,-49.518726048727515,-0.8652222573042415,-0.059838063972979194,14.93163158117175,1
9.775,-0.8657598291094349,-49.60438427993802,-0.8653419645999739,0.0023787448197548564,14.931891722562895,1
9.779166666666667,-0.8659553563226166,-49.61558716403328,-0.8652024424331685,0.06458978205172423,14.928852240639939,1
9.783333333333333,-0.8641985691301872,-49.51493067240444,-0.8648037436454896,0.12678121015439353,14.922476687059417,1
9.7875,-0.8644880744707879,-49.531518106567354,-0.8641459789069867,0.18893911802592844,14.912762186014762,1
9.791666666666666,-0.8623043478961738,-49.40639979023141,-0.8632293168843387,0.25104958402325844,14.899703640324791,1
9.795833333333333,-0.8615155450354608,-49.36120471544471,-0.8620539843016861,0.3130986603830025,14.883293750334396,1
9.8,-0.8600237392932321,-49.27573054256162,-0.860620266061006,0.37507236430376933,14.863523040122468,1
9.804166666666667,-0.8601205266595882,-49.28127605016401,-0.8589285054297446,0.4369566685250073,14.840379891255655,1
9.808333333333334,-0.8559214835617776,-49.040688602665924,-0.8569791042065142,0.4987374938225353,14.813850582880713,1
9.8125,-0.854544538905598,-48.96179548524374,-0.8547725230027288,0.5604006986558681,14.783919340021304,1
9.816666666666666,-0.8526315365808645,-48.8521885258378,-0.852309281484255,0.6219320720213425,14.750568387923453,1
9.820833333333333,-0.8494648286260458,-48.67074952507618,-0.8495899586692713,0.6833173251189091,14.713778013764717,1
9.825,-0.8481652509994269,-48.59628921192129,-0.8466151933442266,0.7445420820066274,14.673526636514996,1
9.829166666666666,-0.8430290674779177,-48.30200757333417,-0.8433856843308112,0.8055918742246705,14.629790881332315,1
9.833333333333334,-0.8408004870494978,-48.17431932048026,-0.839902190947298,0.8664521320488694,14.582545663092658,1
9.8375,-0.8373459610243449,-47.97638955902089,-0.8361655335152518,0.9271081768634771,14.531764276995322,1
9.841666666666667,-0.8335051026680623,-47.75632458549834,-0.8321765936581882,0.9875452169710046,14.47741849278998,1
9.845833333333333,-0.8269653111132373,-47.38162213051157,-0.8279363148978494,1.0477483395387412,14.419478659393313,1
9.85,-0.8239948391547317,-47.21142662412724,-0.823445703250621,1.1077025045368478,14.357913815813852,1
9.854166666666666,-0.8173673976387745,-46.83170219629311,-0.8187058275571303,1.1673925417329993,14.292691804690216,1
9.858333333333333,-0.8141853951300139,-46.64938688214109,-0.8137178201466506,1.2268031442781018,14.223779396521083,1
9.8625,-0.8099728284359037,-46.40802458965119,-0.8084828775423976,1.2859188639066552,14.151142420509306,1
9.866666666666667,-0.8039766122344123,-46.06446670825777,-0.8030022608516079,1.3447241092607873,14.074745897022275,1
9.870833333333334,-0.7961988472807687,-45.61883360236923,-0.797277296365945,1.4032031420939086,13.994554178733166,1
9.875,-0.7914454232368603,-45.34648246641727,-0.7913093764117175,1.4613400730816173,13.91053110089854,1
9.879166666666666,-0.7855784307876926,-45.01032856064484,-0.7850999598591617,1.519118862184828,13.822640132391614,1
9.883333333333333,-0.7785109302542008,-44.6053906083693,-0.7786505724994174,1.576523317757354,13.730844530213687,1
9.8875,-0.771524920035383,-44.20512170719577,-0.7719628080791725,1.6335370929018258,13.635107508354912,1
9.891666666666666,-0.7640632144688696,-43.777597470265285,-0.7650383288886388,1.6901436882809349,13.535392405254647,1
9.895833333333334,-0.756614812016001,-43.35083544560102,-0.7578788660547127,1.7463264536484677,13.431662851770849,1
9.9,-0.7508001777680355,-43.017681443780376,-0.7504862203973125,1.8020685871271191,13.323882951543203,1
9.904166666666667,-0.7440194581747652,-42.62917482902432,-0.742862263266736,1.8573531372493706,13.212017465261487,1
9.908333333333333,-0.7353697533282315,-42.133583247284086,-0.735008936908037,1.912163009686733,13.096031991845669,1
9.9125,-0.7267011171910913,-41.63690698249137,-0.7269282547820228,1.9664809689303449,12.97589315254006,1
9.916666666666666,-0.7194633410560601,-41.22221295689357,-0.7186223027331671,2.0202896401325123,12.851568790488132,1
9.920833333333333,-0.7109285111284687,-40.73320322318063,-0.7100932393832989,2.0735715188594144,12.723028161633863,1
9.925,-0.7010432847904667,-40.16682147448156,-0.7013432963135419,2.1263089775923882,12.590242124839765,1
9.929166666666667,-0.6924172358642978,-39.67258527713872,-0.6923747786781107,2.1784842699105305,12.453183340326508,1
9.933333333333334,-0.683161445401262,-39.14226754754934,-0.6831900661789967,2.2300795363031467,12.311826475097089,1
9.9375,-0.6744535251456135,-38.6433404685642,-0.6737916130980369,2.281076820733531,12.166148394811243,1
9.941666666666666,-0.6643830109345583,-38.06634250674421,-0.6641819483814665,2.331458075516996,12.016128357177404,1
9.945833333333333,-0.6551702220600696,-37.53848858669093,-0.6543636764888925,2.3812051694890437,11.861748216862349,1
9.95,-0.6435626332379362,-36.87342273685945,-0.6443394779014436,2.430299899934313,11.702992624668264,1
9.954166666666666,-0.6332086833732445,-36.28018510832258,-0.6341121088467451,2.478724012032516,11.53984921299585,1
9.958333333333334,-0.6252955042230097,-35.8267933404832,-0.6236844013826892,2.5264592036862794,11.37230878554183,1
9.9625,-0.6138704155393565,-35.17218397834719,-0.6130592642921864,2.5734871383064513,11.200365517230042,1
9.966666666666667,-0.6035456510985017,-34.58061855141946,-0.6022396829558146,2.619789463438011,11.024017134926329,1
9.970833333333333,-0.5917959717723118,-33.90741151539667,-0.5912287188787034,2.6653478298216964,10.843265088728177,1
9.975,-0.5801023231623913,-33.2374148029392,-0.5800295097976902,2.710143898512348,10.65811472870562,1
9.979166666666666,-0.5699103244882108,-32.65345629410572,-0.568645270384734,2.754159357850917,10.468575486243001,1
9.983333333333333,-0.5578837658403326,-31.964385241515746,-0.5570792913912898,2.7973759487338286,10.27466102403749,1
9.9875,-0.5462110572190295,-31.295588302029106,-0.5453349391344049,2.839775480157574,10.07638938553832,1
9.991666666666667,-0.5332347807299842,-30.552102425411974,-0.5334156555964755,2.8813398418773746,9.873783147794922,1
9.995833333333334,-0.5212644442607478,-29.866252666373196,-0.5213249586106926,2.922051024066351,9.66686956816511,1
10.0,-0.5096962751768565,-29.2034454011725,-0.5090664403448053,2.961891148061912,9.455680693514843,1
10.004166666666666,-0.4964894615956345,-28.44675072215243,-0.4966437669158885,3.000842476674854,9.240253480302602,1
10.008333333333333,-0.4845377467746881,-27.761967904968245,-0.48406067840313166,3.0388874335412144,9.020629911765264,1
10.0125,-0.4715580517679942,-27.018286161717654,-0.4713209879627413,3.076008628491147,8.796857089451718,1
10.016666666666666,-0.4569682177771005,-26.182350250242937,-0.45842858021960503,3.112188884110282,8.568987301144265,1
10.020833333333334,-0.4442176380061033,-25.451795843019912,-0.4453874109485277,3.147411246991052,8.337078100574974,1
10.025,-0.4333356052275007,-24.828301292282962,-0.4322015066534243,3.1816590120991948,8.10119237326402,1
10.029166666666667,-0.4181508842880137,-23.958280869366433,-0.41887496241814,3.2149157534491857,7.86139835912336,1
10.033333333333333,-0.4047038638645444,-23.18782335207542,-0.4054119409353052,3.2471653392266435,7.61776968363447,1
10.0375,-0.39281872068528234,-22.50685480899501,-0.39181667193185676,3.2783919520853533,7.370385382917643,1
10.041666666666666,-0.3773789320694096,-21.622220084731364,-0.37809345035567177,3.308580117322636,7.119329892679875,1
10.045833333333333,-0.36290453558462454,-20.792898255154185,-0.36424663436701515,3.3377147262203573,6.864693019671856,1
10.05,-0.35126024974495923,-20.125729821097416,-0.35028064460145286,3.365781051346213,6.60656992253136,1
10.054166666666667,-0.3370006348176346,-19.308714068279965,-0.3361999625614828,3.392764772509369,6.345061062044383,1
10.058333333333334,-0.3211210507267592,-18.39888091944972,-0.32200912789011393,3.418652003497085,6.080272116044343,1
10.0625,-0.3074758130140471,-17.61706638805857,-0.30771273736792876,3.443429305664246,5.81231391209187,1
10.066666666666666,-0.29283418940563577,-16.778163150077493,-0.293315443243114,3.467083711610279,5.541302332894656,1
10.070833333333333,-0.27852472998729993,-15.958291518293125,-0.27882195014844874,3.489602751191438,5.267358180457586,1
10.075,-0.26389606726840786,-15.120130884580238,-0.26423701377812325,3.510974464922244,4.990607059220724,1
10.079166666666666,-0.25072300429026445,-14.365369972672585,-0.24956543898651617,3.5311874254090343,4.711179233819998,1
10.083333333333334,-0.23389811939426425,-13.401375077338368,-0.23481207650901326,3.5502307606773855,4.429209446478385,1
10.0875,-0.21896116158517062,-12.545550436112327,-0.21998182139848263,3.568094166987862,4.144836753617871,1
10.091666666666667,-0.2052797919462012,-11.761665697840956,-0.20507961075832185,3.584767928157947,3.858204335535311,1
10.095833333333333,-0.1901483611627541,-10.894698575955106,-0.1901104203666053,3.6002429351145135,3.5694592718034763,1
10.1,-0.17641540635451147,-10.107858225198912,-0.17507926299843224,3.6145106973654144,3.278752337189231,1
10.104166666666666,-0.159542413645789,-9.141106955234102,-0.15999118558011657,3.627563360359492,2.9862377630754833,1
10.108333333333333,-0.14435205172903479,-8.270763328127831,-0.14485126602245715,3.639393719920298,2.6920729815375752,1
10.1125,-0.1297188832126897,-7.432344531237545,-0.1296646113120996,3.6499952326371736,2.3964183834977044,1
10.116666666666667,-0.11345517064234503,-6.500502441742931,-0.11443635404662508,3.659362030156187,2.099437036812296,1
10.120833333333334,-0.09946318720265937,-5.698820843632003,-0.0991716498208321,3.66748892834906,1.8012944121889023,1
10.125,-0.08338296304361481,-4.777491865694446,-0.08387567466277053,3.674371436703993,1.5021581020687473,1
10.129166666666666,-0.06944344648042683,-3.9788163981710682,-0.06855362148165943,3.6800057675748574,1.2021975130907097,1
10.133333333333333,-0.05323125093930748,-3.049926017024118,-0.05321069781037338,3.6843888418545863,0.9015835778380612,1
10.1375,-0.03800427512450506,-2.177484568088161,-0.03785212233124127,3.687518295635407,0.6004884375651411,1
10.141666666666666,-0.022286503889111065,-1.2769226129479594,-0.022483122142633122,3.6893924841314854,0.29908513537163994,1
10.145833333333334,-0.007431402781445265,-0.4257880152385946,-0.007108929702299022,3.690010484895518,-0.0024527000473199695,1
10.15,0.008150488728218481,0.46698860509586887,0.008265220211749174,3.6893720996340456,-0.3039511723190941,1
10.154166666666667,0.0243549556606328,1.395436169582513,0.023634093514710783,3.6874778545965063,-0.6052364357456217,1
10.158333333333333,0.03861131108565976,2.212265166674993,0.038992459785398184,3.6843289997637925,-0.9061350126855683,1
10.1625,0.052933092372659946,3.032842789529544,0.05433509537741167,3.679927506584762,-1.2064741124827332,1
10.166666666666666,0.07118358625068245,4.078519062769581,0.06965678626726837,3.674276064538106,-1.5060819429729986,1
10.170833333333333,0.08615787735057563,4.93648274399377,0.08495233124366294,3.6673780762149986,-1.8047880253358513,1
10.175,0.09908883265499703,5.677371908009421,0.10021654459651147,3.6592376513833034,-2.102423494806732,1
10.179166666666667,0.11604614299513465,6.648954222392858,0.11544425939122302,3.649859599314308,-2.398821407433568,1
10.183333333333334,0.13019140165054702,7.459417843468884,0.13063032994057622,3.639249420762214,-2.6938170248599427,1
10.1875,0.14599957113562756,8.365159236791495,0.14576963516340566,3.627413297160021,-2.987248109020612,1
10.191666666666666,0.16111383987621652,9.231143046053752,0.16085708088671163,3.6143580811099514,-3.2789551881981933,1
10.195833333333333,0.1756830436313293,10.065896932087865,0.17588760302672315,3.6000912825334628,-3.568781830947918,1
10.2,0.1901722055817796,10.896064760530209,0.19085617015320797,3.5846210569471815,-3.856574898342543,1
10.204166666666666,0.2051551751632192,11.75452568211959,0.20575778591237448,3.5679561908309876,-4.142184782819293,1
10.208333333333334,0.21978796393771413,12.592922721404557,0.22058749221297919,3.550106085245913,-4.425465650362479,1
10.2125,0.23461446920871595,13.442418898361431,0.2353403710249575,3.5310807423343262,-4.706275644268366,1
10.216666666666667,0.24995292329696353,14.3212475818732,0.2500115474143246,3.5108907449190543,-4.98447709983183,1
10.220833333333333,0.2639715733997177,15.124457067231653,0.26459619182291877,3.489547241117627,-5.259936731807208,1
10.225,0.2796847246147494,16.02475431470383,0.27908952190391373,3.4670619260657936,-5.532525799950404,1
10.229166666666666,0.2947846726831207,16.889917609888226,0.2934868055732088,3.443447019043504,-5.802120283568075,1
10.233333333333333,0.3072771706303187,17.605685017838514,0.3077833625752573,3.4187152481150993,-6.068601014226688,1
10.2375,0.3221834862790811,18.459753992602415,0.32197456644015937,3.392879827678169,-6.331853801303274,1
10.241666666666667,0.33649190472958823,19.27956598132359,0.3360558472096894,3.365954434863695,-6.591769557286121,1
10.245833333333334,0.3504345922464526,20.07842313110966,0.35002269256123103,3.337953193479511,-6.8482443789732965,1
10.25,0.363936933228939,20.852050282952654,0.3638706497534705,3.308890648460884,-7.1011796290165625,1
10.254166666666666,0.37824344061626214,21.671752775819,0.3775953279414096,3.278781742486116,-7.350482009663241,1
10.258333333333333,0.3916132406266881,22.437785889350376,0.39119239902475955,3.247641799068725,-7.5960635954075615,1
10.2625,0.40357753513240724,23.12328946937964,0.4046575993472982,3.2154864957238463,-7.837841866591039,1
10.266666666666666,0.41874521348819826,23.992333424178394,0.4179867317363348,3.182331840017154,-8.075739735057656,1
10.270833333333334,0.4319499734430089,24.748910439072404,0.4311756661163548,3.1481941529174335,-8.30968553057352,1
10.275,0.443554247976401,25.41378639414691,0.44422034075903283,3.113090042435557,-8.539612984969619,1
10.279166666666667,0.45714987118819717,26.19275822403293,0.45711676418121516,3.077036377736552,-8.765461214606805,1
10.283333333333333,0.47045733263599804,26.95521960102497,0.46986101559605353,3.0400502740774695,-8.987174664903435,1
10.2875,0.48226658479300805,27.63183990882741,0.4824492455590873,3.002149068619967,-9.204703045950685,1
10.291666666666666,0.49581402771967126,28.40805121171957,0.49487767773291436,2.9633502917285117,-9.418001275713442,1
10.295833333333333,0.5092054772152409,29.17532474937831,0.5071426093088189,2.923671654388973,-9.627029389218778,1
10.3,0.5185545089018502,29.710984807555093,0.5192404111090586,2.8831310259770784,-9.831752431441181,1
10.304166666666667,0.5299623401227702,30.364605389911382,0.5311675288948668,2.8417464066099694,-10.032140360708494,1
10.308333333333334,0.5431856157576127,31.12224327512603,0.5429204840165082,2.7995359122449157,-10.228167931787857,1
10.3125,0.5551255552857387,31.806351417729076,0.5544958732120692,2.7565177574175026,-10.419814555781535,1
10.316666666666666,0.5656889001159986,32.41158649404431,0.5658903690337852,2.712710232281767,-10.607064162461086,1
10.320833333333333,0.5783689299492866,33.13809868759168,0.5771007207760531,2.6681316804380457,-10.789905063373885,1
10.325,0.5869556004504874,33.63007866737997,0.5881237543800606,2.6228004890171817,-10.968329791553723,1
10.329166666666666,0.5995610575048191,34.35231815542659,0.5989563719338048,2.5767350701417717,-11.142334928329834,1
10.333333333333334,0.6090668390829456,34.89695932082644,0.6095955523894995,2.5299538372562607,-11.311920944453798,1
10.3375,0.6215387920732962,35.6115495894591,0.620038351795828,2.482475194401619,-11.47709202879736,1
10.341666666666667,0.6320207003419834,36.21211869449816,0.6302819026765174,2.4343175234023438,-11.63785589908698,1
10.345833333333333,0.6396543796063205,36.649496298501205,0.6403234136907667,2.3854991680014215,-11.794223613804226,1
10.35,0.649680590986932,37.223955895116276,0.6501601700594037,2.3360384141258894,-11.946209393137769,1
10.354166666666666,0.6605396653843645,37.84613502750772,0.6597895334424616,2.28595348473995,-12.093830429384141,1
10.358333333333333,0.6688711056542909,38.32349139223984,0.6692089408780014,2.235262527228014,-12.237106680828342,1
10.3625,0.6783762758877129,38.8680975301683,0.6784159046512258,2.183983599620122,-12.376060679232594,1
10.366666666666667,0.6874301679310232,39.38684733241706,0.6874080123545059,2.1321346579086797,-12.51071733961237,1
10.370833333333334,0.6945076956296515,39.7923597989354,0.6961829264865416,2.079733551978353,-12.641103763169353,1
10.375,0.7047263074865476,40.37784313081789,0.7047383831980676,2.026798016271059,-12.767249027785853,1
10.379166666666666,0.7124702911763948,40.82154071286428,0.7130721922063884,1.9733456585122462,-12.889183997346116,1
10.383333333333333,0.7207519058028031,41.29604227851129,0.7211822366461833,1.9193939530229749,-13.006941131561943,1
10.3875,0.7303262788968435,41.84461344828342,0.7290664723144589,1.864960237312707,-13.120554288799008,1
10.391666666666666,0.7356264174237425,42.148289016709406,0.7367229265427016,1.8100617068679918,-13.23005852593598,1
10.395833333333334,0.744859353373432,42.67729727914123,0.7441496979732797,1.7547154069912163,-13.335489914282475,1
10.4,0.7511015152644165,43.03494681053204,0.7513449563456815,1.6989382302653944,-13.436885358796351,1
10.404166666666667,0.7580628045792956,43.43379930824413,0.758306941382105,1.6427469151641698,-13.534282407803667,1
10.408333333333333,0.7657236915345682,43.87273579810808,0.7650339619395016,1.5861580436786884,-13.62771907056726,1
10.4125,0.7718211464061429,44.222094228020794,0.771524395670348,1.529188037460771,-13.717233646203393,1
10.416666666666666,0.7782746424836867,44.59185231636829,0.777776688705879,1.4718531576014915,-13.80286455729298,1
10.420833333333333,0.7846342548237184,44.95623126279142,0.7837893543190383,1.414169506353698,-13.88465017388854,1
10.425,0.7892718512969479,45.22194596779222,0.7895609724032483,1.3561530269380286,-13.962628653963668,1
10.429166666666667,0.7945559117821326,45.52470033228516,0.7950901891230735,1.2978195032461683,-14.036837791260876,1
10.433333333333334,0.7994287437726452,45.80389303961786,0.8003757162510543,1.2391845622363198,-14.107314864107002,1
10.4375,0.8046960235111404,46.10568593814841,0.8054163300825786,1.1802636780910225,-14.174096484037987,1
10.441666666666666,0.8127844414195488,46.56911814723824,0.8102108710358564,1.1210721743941807,-14.237218459435834,1
10.445833333333333,0.8158444311887413,46.74444264636618,0.8147582433479313,1.0616252257735719,-14.296715666106111,1
10.45,0.8178783792376626,46.860979285318244,0.8190574140441439,1.001937864362211,-14.352621914042068,1
10.454166666666666,0.821953350093725,47.094457917009436,0.8231074123719436,0.9420249848841972,-14.404969826484802,1
10.458333333333334,0.827327836956374,47.402393331287726,0.8269073294898437,0.8819013480368292,-14.453790728388423,1
10.4625,0.8309338964927064,47.60900532339247,0.8304563178629811,0.8215815860294748,-14.49911453714513,1
10.466666666666667,0.8342325820140986,47.798006081709154,0.8337535905072354,0.761080210711206,-14.540969657636145,1
10.470833333333333,0.8365759297873581,47.9322700190483,0.8367984206895854,0.7004116193100183,-14.579382889553887,1
10.475,0.8394806620817051,48.09869892012974,0.8395901415765903,0.6395900991183293,-14.61437934029347,1
10.479166666666666,0.8424142743770519,48.2667825233808,0.8421281455147293,0.578629837529949,-14.645982339527102,1
10.483333333333333,0.8444868395516114,48.38553176064885,0.8444118837633987,0.5175449294769536,-14.674213366064544,1
10.4875,0.8445041613142035,48.38652422453911,0.8464408662439625,0.45634938253011054,-14.69909198125845,1
10.491666666666667,0.8480141229760029,48.58763021401294,0.848214660984673,0.3950571276762128,-14.720635765037166,1
10.495833333333334,0.8489899016316225,48.643538212718894,0.8497328939091479,0.3336820278063064,-14.73886026281878,1
10.5,0.8511481494526172,48.767196704005194,0.850995248645265,0.2722378837371202,-14.753778939088246,1
10.504166666666666,0.8546065960817648,48.9653510995266,0.8520014661507532,0.210738445364482,-14.765403135202003,1
10.508333333333333,0.8530720328449841,48.877427102663134,0.8527513445948222,0.14919742041002,-14.773742036933664,1
10.5125,0.8529711329470779,48.87164596435981,0.8532447392134006,0.08762848161538694,-14.77880264812725,1
10.516666666666666,0.854285985692983,48.94698147738135,0.8534815621300164,0.026045278078553363,-14.780589770486383,1
10.520833333333334,0.8538830069622231,48.92389249687527,0.8534617823176582,-0.03553854936390995,-14.779093361856232,1
10.525,0.8535520274633801,48.904928768486215,0.8531854258619864,-0.09710919119358227,-14.774257385287694,1
10.529166666666667,0.8531821537742322,48.88373656714511,0.8526525767282676,-0.15865271003860434,-14.76607332307421,1
10.533333333333333,0.8536580498225586,48.91100340220116,0.8518633770017097,-0.2201551470569503,-14.754537316059126,1
10.5375,0.8498311406401423,48.69173765746885,0.8508180269736005,-0.28160252398881547,-14.739643395604764,1
10.541666666666666,0.8499301071845258,48.697408022775015,0.8495167852253549,-0.342980833835248,-14.72138350589679,1
10.545833333333333,0.8471515487472869,48.53820835119076,0.8479599687896131,-0.404276030982579,-14.699747533821236,1
10.55,0.8466327295401516,48.50848220029158,0.8461479533043946,-0.46547402411740274,-14.674723345237693,1
10.554166666666667,0.8432794680130716,48.31635446718631,0.8440811732340263,-0.5265606669601579,-14.646296828702576,1
10.558333333333334,0.8413959008782355,48.20843401993065,0.8417601221325338,-0.587521750010327,-14.614451946241747,1
10.5625,0.8389278383375276,48.06702445277375,0.8391853528671716,-0.6483429939623242,-14.579170790055743,1
10.566666666666666,0.8372090387331649,47.96854448961501,0.8363574780007361,-0.7090100401800122,-14.540433647843706,1
10.570833333333333,0.8340786727961242,47.78918773309107,0.8332771700923058,-0.7695084445414266,-14.498219073421415,1
10.575,0.8288580685458079,47.49006914303988,0.8299451620342226,-0.8298236707169934,-14.452503964224233,1
10.579166666666666,0.826410186616795,47.3498158397611,0.8263622475613648,-0.8899410816966469,-14.403263647499669,1
10.583333333333334,0.8219100563406553,47.091977367679256,0.8225292815792151,-0.9498459352145665,-14.350471970319962,1
10.5875,0.8173489278875972,46.83064395750199,0.8184471806047873,-1.0095233775507872,-14.294101397374051,1
10.591666666666667,0.8139275402782944,46.63461288741059,0.8141169233814379,-1.0689584364238347,-14.234123117313477,1
10.595833333333333,0.8092703492362344,46.367775496314415,0.8095395512534488,-1.1281360176896689,-14.170507151900399,1
10.6,0.8068338782778275,46.228175993491504,0.8047161686428697,-1.1870409006613687,-14.103222472564864,1
10.604166666666666,0.80002577249912,45.83810026589294,0.7996479437750498,-1.2456577321362419,-14.032237126313,1
10.608333333333333,0.7931339110730979,45.443225693192865,0.7943361091341608,-1.3039710245273144,-13.957518363693326,1
10.6125,0.7882891035721251,45.16563867083379,0.7887819618672479,-1.36196515344877,-13.879032771715547,1
10.616666666666667,0.7838781897139561,44.912911922964945,0.7829868646424504,-1.4196243525315089,-13.796746418649029,1
10.620833333333334,0.7787747563303007,44.62050672905532,0.7769522461989977,-1.47693271357873,-13.710624999862368,1
10.625,0.7692955701011576,44.07738936490689,0.7706796016351695,-1.5338741862706655,-13.62063398519155,1
10.629166666666666,0.7625299498097945,43.689747876423716,0.7641704933202548,-1.5904325747604835,-13.526738780121978,1
10.633333333333333,0.7590592766739415,43.4908929536699,0.7574265515489219,-1.6465915389800627,-13.428904888118513,1
10.6375,0.7507894773685775,43.01706835605233,0.7504494748581989,-1.7023345970563943,-13.32709807269204,1
10.641666666666666,0.7424833022884724,42.54115958006557,0.7432410306405913,-1.7576451251071876,-13.221284528014365,1
10.645833333333334,0.7362696079665745,42.18514112023641,0.7358030560750862,-1.8125063574555762,-13.111431058213492,1
10.65,0.7258373346921897,41.58741589088704,0.7281374585070818,-1.8669013938695522,-12.99750525230719,1
10.654166666666667,0.7202491613580345,41.2672371436524,0.7202462156728323,-1.9208132015308375,-12.879475660372465,1
10.658333333333333,0.7124174546742582,40.81851340428762,0.7121313767330651,-1.974224616704607,-12.75731198464246,1
10.6625,0.7046016406455303,40.370700246982366,0.7037950627898902,-2.027118352305312,-12.630985265693639,1
10.666666666666666,0.6943546759211254,39.783592415454535,0.6952394670531329,-2.079477006175652,-12.500468065669839,1
10.670833333333333,0.6865416314043725,39.335937939496766,0.6864668552497137,-2.1312830644826493,-12.365734657113169,1
10.675,0.6766719813419781,38.77044864565053,0.677479566677167,-2.1825189067306976,-12.226761223039418,1
10.679166666666667,0.6685028786227698,38.30239353743105,0.6682800142531385,-2.2331668209866224,-12.083526042585335,1
10.683333333333334,0.6580893475063556,37.70574215463236,0.6588706845698985,-2.2832090103569094,-11.936009677413002,1
10.6875,0.6488980033846898,37.17911692840853,0.6492541385508647,-2.3326276000552353,-11.784195167342428,1
10.691666666666666,0.638563999257976,36.58702210647706,0.6394330121270329,-2.3814046473207306,-11.628068225936184,1
10.695833333333333,0.6299782394869103,36.095094307681784,0.6294100159219661,-2.429522161459852,-11.467617419180106,1
10.7,0.6199370752020094,35.519777972759464,0.6191879352793553,-2.4769621089452953,-11.302834348319285,1
10.704166666666666,0.6085648859620448,34.86819952548541,0.608769631033978,-2.5237064250184686,-11.133713842109659,1
10.708333333333334,0.5981914085252823,34.273843049484725,0.5981580395797116,-2.569737030049984,-10.960254135158786,1
10.7125,0.5860920378219012,33.580600173416755,0.5873561723069751,-2.6150358501565982,-10.782457032400664,1
10.716666666666667,0.5761055984424629,33.008419344611696,0.5763671156524158,-2.6595848232775707,-10.600328079905019,1
10.720833333333333,0.5651502199771431,32.380722395580364,0.5651940317704972,-2.703365915313757,-10.41387674099308,1
10.725,0.5561272312662778,31.863743223853596,0.5538401578436782,-2.74636114309169,-10.223116544626535,1
10.729166666666666,0.5413384311688109,31.01640739420608,0.5423088054574793,-2.788552591831537,-10.028065228883877,1
10.733333333333333,0.5318810963320493,30.474542022617594,0.5306033606495998,-2.8299224258474247,-9.828744889376411,1
10.7375,0.5195972075740036,29.77072704077338,0.5187272841852851,-2.8704529073381773,-9.625182124244668,1
10.741666666666667,0.5069290115683405,29.044892875604393,0.506684110105375,-2.9101264257417285,-9.417408141692128,1
10.745833333333334,0.49601213113962,28.41940170158974,0.4944774452525089,-2.9489255092526054,-9.205458876172761,1
10.75,0.4824356925455272,27.6415290693297,0.48211096926244323,-2.9868328421741888,-8.989375103433549,1
10.754166666666666,0.4699280393373748,26.924893328889304,0.4695884338734339,-3.0238312886018357,-8.769202534141366,1
10.758333333333333,0.4568673047196958,26.176568357955883,0.45691366123449406,-3.059903919822446,-8.54499187953219,1
10.7625,0.44515830885763225,25.5056923127235,0.44409054357647465,-3.0950340244045518,-8.31679893075543,1
10.766666666666666,0.4320798927612654,24.75635426768572,0.4311230428474244,-3.1292051315256173,-8.084684626068492,1
10.770833333333334,0.4174691822834612,23.919222221619965,0.418015188719549,-3.1624010400344083,-7.848715077214808,1
10.775,0.4036198171259907,23.125712049161372,0.40477107748566304,-3.194605834831228,-7.608961599720675,1
10.779166666666667,0.3912177375143883,22.415125230231308,0.39139487153640584,-3.225803905109229,-7.365500741102008,1
10.783333333333333,0.3771926324119292,21.611545900633004,0.3778907977665126,-3.2559799710689767,-7.11841427661051,1
10.7875,0.364207709796325,20.867564637454908,0.36426314544547334,-3.2851191083071614,-6.867789181854199,1
10.791666666666666,0.3515961339915926,20.14497457083444,0.35051626550459386,-3.313206761672274,-6.613717618132213,1
10.795833333333333,0.33625549816481537,19.26602088291292,0.33665456914261954,-3.3402287697308886,-6.35629689132074,1
10.8,0.3226451546126781,18.48620563965236,0.32268252506271433,-3.3661713919159784,-6.095629371350112,1
10.804166666666667,0.3086552928430285,17.684645604280018,0.3086046584548576,-3.3910213214013734,-5.831822430482675,1
10.808333333333334,0.2951659451184031,16.911762911274582,0.29442554949989896,-3.4147657075691056,-5.564988358464654,1
10.8125,0.27818904951642603,15.939058444047086,0.28014983035672475,-3.4373921817441233,-5.2952442350502205,1
10.816666666666666,0.26525273788154735,15.197862384902557,0.26578218376737106,-3.4588888705499903,-5.0227118193623,1
10.820833333333333,0.2515117211467279,14.410560119778765,0.2513273413424255,-3.479244416143784,-4.7475174193257,1
10.825,0.23783734683096636,13.627076184003537,0.23679008037728905,-3.4984479993029174,-4.469791719516146,1
10.829166666666666,0.22174595632975572,12.705107421787265,0.2221752221951358,-3.5164893523452436,-4.189669625063448,1
10.833333333333334,0.20585002896147483,11.794337872138273,0.20748763012685684,-3.5333587772652995,-3.9072900856100055,1
10.8375,0.19327300641583392,11.073727561432165,0.19273220615861372,-3.549047165516225,-3.6227958810976078,1
10.841666666666667,0.1773594309165352,10.161946848359557,0.17791388919795237,-3.5635460093726645,-3.3363334268767573,1
10.845833333333333,0.16199947254452657,9.281886060146828,0.16303765255464295,-3.5768474182454333,-3.0480525520772983,1
10.85,0.14756365649689776,8.454774726790472,0.1481085006329049,-3.5889441339621984,-2.7581062518083006,1
10.854166666666666,0.13297043838364786,7.618644919387386,0.1331314671358736,-3.5998295404890825,-2.4666504586116,1
10.858333333333333,0.11758387257200262,6.73705963717983,0.11811161184850563,-3.6094976779870374,-2.173843776655404,1
10.8625,0.1011292983655968,5.79428198146795,0.10305401784392719,-3.6179432526145447,-1.8798472155145751,1
10.866666666666667,0.08874662712651489,5.084807180370528,0.08796378918931368,-3.625161645345997,-1.584823925793008,1
10.870833333333334,0.0739585857645616,4.237514823065711,0.07284604741347099,-3.6311489216637853,-1.2889389034392948,1
10.875,0.0582744894425658,3.3388822983386937,0.057705929247664586,-3.635901837334617,-0.9923587128889191,1
10.879166666666666,0.04155576537552093,2.380969970453228,0.04254858341560454,-3.6394178451181447,-0.6952511863107556,1
10.883333333333333,0.027203333191833844,1.5586361805802258,0.02737916772594775,-3.6416950992175017,-0.39778512454729215,1
10.8875,0.012197155444070608,0.6988455290102612,0.012202846365186332,-3.642732458548604,-0.10012999871389576,1
10.891666666666666,-0.0024526666854510068,-0.14052744962868333,-0.002975213367467252,-3.642529489139488,0.19754436142901655,1
10.895833333333334,-0.017566606612263287,-1.0064924192492912,-0.018149843714889213,-3.6410864647876178,0.4950680683625578,1
10.9,-0.03395656710421571,-1.9455679818243277,-0.033315879600687756,-3.6384043667733867,0.7922714874248136,1
10.904166666666667,-0.048396606868598216,-2.772921316324529,-0.04846816149016928,-3.6344848820949625,1.0889855411667713,1
10.908333333333333,-0.06320248587868273,-3.6212356955837044,-0.06360153831195212,-3.6293304006318885,1.3850420130855414,1
10.9125,-0.07744042584415102,-4.437009564565679,-0.07871087048642555,-3.6229440106936766,1.6802738505928723,1
10.916666666666666,-0.09317623470506133,-5.338604999520403,-0.09379103264115002,-3.6153294939528395,1.9745154580590816,1
10.920833333333333,-0.10814833484985305,-6.196443148264177,-0.10883691670883217,-3.606491318172066,2.2676029924825234,1
10.925,-0.12377028203059286,-7.0915147894968635,-0.12384343456350344,-3.5964346300593886,2.5593746444536083,1
10.929166666666667,-0.1375746631435527,-7.882447566059569,-0.138805520945986,-3.585165245422146,2.8496709180247524,1
10.933333333333334,-0.1533605507980519,-8.786912304530043,-0.15371813629513542,-3.5726896395278493,3.138334901260223,1
10.9375,-0.16932771012280987,-9.701763144651633,-0.16857626916372756,-3.559014935822976,3.4252125203244113,1
10.941666666666666,-0.18215026810071824,-10.436441599347585,-0.1833749394308332,-3.544148892670186,3.7101527997970005,1
10.945833333333333,-0.19750016476826682,-11.315925894360046,-0.19810920026657927,-3.5280998918210975,3.993008089076594,1
10.95,-0.21316077012391385,-12.213212485858593,-0.21277414127891547,-3.510876921508004,4.2736343008163376,1
10.954166666666666,-0.2277833273088491,-13.05102329824408,-0.22736489075778535,-3.492489563415805,4.551891120954697,1
10.958333333333334,-0.2416178068649108,-13.843680588566437,-0.24187661785209097,-3.472947976000853,4.827642205605534,1
10.9625,-0.2559003306421042,-14.662008921794866,-0.25630453562823396,-3.452262875622527,5.1007553824063905,1
10.966666666666667,-0.270471732626889,-15.496888757111586,-0.2706439026080882,-3.4304455224819534,5.371102810397004,1
10.970833333333333,-0.2846183573084873,-16.30743064572277,-0.284890025375567,-3.407507698647673,5.638561146816091,1
10.975,-0.29755476827315047,-17.048632396044734,-0.2990382609396463,-3.3834616903058405,5.903011695990251,1
10.979166666666666,-0.3121489202861337,-17.88481571196103,-0.3130840180903186,-3.358320270412014,6.164340525679345,1
10.983333333333333,-0.32685639914055914,-18.727492177597508,-0.3270227600775122,-3.3320966737308337,6.422438594091962,1
10.9875,-0.34002855791710623,-19.48220128256986,-0.3408500063630189,-3.3048045801575294,6.677201845893029,1
10.991666666666667,-0.3554623809375413,-20.366494203392644,-0.3545613338514363,-3.2764580944814115,6.928531284480213,1
10.995833333333334,-0.3678051225586581,-21.073681205903096,-0.3681523794188741,-3.2470717197644547,7.1763330539791665,1
11.0,-0.3800399236089479,-21.774683669266928,-0.38161884125795204,-3.2166603412233403,7.420518485852516,1
11.004166666666666,-0.3951467608169477,-22.640241683076514,-0.3949564798771949,-3.185239204589139,7.661004125295939,1
11.008333333333333,-0.4089008205226386,-23.42829125538355,-0.4081611203773377,-3.1528238883203628,7.897711766999407,1
11.0125,-0.4217977084696748,-24.167228503601862,-0.42122865356359385,-3.1194302878279516,8.130568456811522,1
11.016666666666666,-0.4351059208278161,-24.929732904587205,-0.4341550366208095,-3.085074593876623,8.359506472362497,1
11.020833333333334,-0.4476211289839379,-25.64680151166069,-0.4469362950268848,-3.0497732644216455,8.584463312873115,1
11.025,-0.4598918529256539,-26.34986220509115,-0.4595685236143689,-3.01354300821638,8.805381661751083,1
11.029166666666667,-0.47327447551299456,-27.116629998162214,-0.47204788689588906,-2.976400765049419,9.022209324210094,1
11.033333333333333,-0.4843569908642391,-27.751611354177474,-0.48437062043179396,-2.9383636787077623,9.234899171574304,1
11.0375,-0.4957456466335914,-28.404133264088674,-0.4965330320059997,-2.8994490777036304,9.443409071380849,1
11.041666666666666,-0.5093236684282918,-29.182096607061656,-0.5085315017208473,-2.8596744592932675,9.647701788419527,1
11.045833333333333,-0.5190366572470246,-29.738609872832807,-0.520362482584033,-2.8190574658731493,9.84774488429797,1
11.05,-0.5315767516325345,-30.45710435581822,-0.5320225018194318,-2.7776158604852794,10.043510619929542,1
11.054166666666667,-0.5426088097539378,-31.08919472551765,-0.5435081609752513,-2.735367515800884,10.234975829241419,1
11.058333333333334,-0.5553902046897812,-31.821514711631362,-0.5548161357448758,-2.692330394058371,10.422121779790233,1
11.0625,-0.5651974630812951,-32.38342922605937,-0.5659431770189783,-2.6485225215309285,10.604934046425495,1
11.066666666666666,-0.5778390033501257,-33.10773613000804,-0.5768861112613236,-2.6039619768690523,10.783402367130082,1
11.070833333333333,-0.5868649525687025,-33.624884926331895,-0.5876418400710649,-2.558666875881257,10.95752047909405,1
11.075,-0.5980573821733938,-34.26616390517798,-0.5982073402865863,-2.5126553523351536,11.127285958225404,1
11.079166666666666,-0.6080968618914954,-34.84138372153239,-0.6085796646604659,-2.4659455377505877,11.292700062868247,1
11.083333333333334,-0.6197818415374682,-35.5108837389429,-0.6187559417106263,-2.418555554406508,11.453767560199601,1
11.0875,-0.6295144707087148,-36.068522314021244,-0.6287333749195632,-2.370503499770932,11.610496538283483,1
11.091666666666667,-0.6379880631470266,-36.554023398050475,-0.6385092430867436,-2.3218074280514935,11.762898233577404,1
11.095833333333333,-0.6489084902613915,-37.179717782183815,-0.64808090050497,-2.2724853390228863,11.910986853193918,1
11.1,-0.6570415526277091,-37.6457079302905,-0.6574457763733633,-2.222555169836176,12.054779383291299,1
11.104166666666666,-0.6677944268246249,-38.261802239408894,-0.6666013740220637,-2.1720347834180718,12.194295393318821,1
11.108333333333333,-0.6748050994900415,-38.663484194685,-0.6755452711221187,-2.120941951974463,12.329556854687608,1
11.1125,-0.6853506991092462,-39.267702545300196,-0.6842751196117309,-2.0692943520941935,12.460587955022744,1
11.116666666666667,-0.6923066720679437,-39.666250438240695,-0.692788644686497,-2.017109557089663,12.587414898248053,1
11.120833333333334,-0.7005376782346899,-40.137852352741405,-0.7010836442194124,-1.9644050281016145,12.7100657122083,1
11.125,-0.7097660368348377,-40.66659835236313,-0.7091579887165025,-1.9111981028529252,12.82857006548596,1
11.129166666666666,-0.7165017070798035,-41.05252382959152,-0.717009621076289,-1.857505993299104,12.942959083082306,1
11.133333333333333,-0.7244092765414832,-41.505594185952305,-0.724636555291809,-1.8033457804932886,13.053265148397966,1
11.1375,-0.732507104299993,-41.969565539738795,-0.732036876073087,-1.7487344081673717,13.159521721548872,1
11.141666666666666,-0.7400888686232426,-42.40396863672386,-0.7392087386270656,-1.693688676850002,13.261763162753487,1
11.145833333333334,-0.7478630821713372,-42.849398262063104,-0.7461503681561413,-1.6382252428734532,13.3600245548767,1
11.15,-0.7525549313369918,-43.11822141736709,-0.7528600585647485,-1.582360616663708,13.454341518119163,1
11.154166666666667,-0.7607017202013039,-43.584998035876346,-0.7593361721760739,-1.5261111588149507,13.544750043226186,1
11.158333333333333,-0.7654939359542259,-43.85957177303489,-0.7655771394643723,-1.469493078310163,13.631286328957755,1
11.1625,-0.7718113600855225,-44.22153351315229,-0.7715814581465655,-1.4125224336515887,13.713986614877586,1
11.166666666666666,-0.7767550283929163,-44.504784842478536,-0.7773476922690428,-1.355215133657104,13.792887018844988,1
11.170833333333333,-0.7831380562895763,-44.87050540147142,-0.7828744718667299,-1.2975869366283033,13.868023387397434,1
11.175,-0.788447990076226,-45.174742196940365,-0.7881604926469679,-1.2396534510915775,13.939431151452363,1
11.179166666666667,-0.7925658371415463,-45.410677454463546,-0.7932045148159823,-1.1814301401606855,14.007145175435788,1
11.183333333333334,-0.7977129693111892,-45.7055864043801,-0.7980053626008272,-1.1229323237669386,14.07119962149591,1
11.1875,-0.8022860258222245,-45.96760324193725,-0.8025619239423563,-1.064175180145081,14.131627821507111,1
11.191666666666666,-0.8064636365758532,-46.20696270656864,-0.8068731498016061,-1.0051737501511573,14.188462149478992,1
11.195833333333333,-0.8122780928102836,-46.54010650896503,-0.8109380533376934,-0.9459429431122299,14.241733898103103,1
11.2,-0.8140952868763572,-46.644224059507266,-0.8147557095867369,-0.8864975406544282,14.291473167947016,1
11.204166666666666,-0.8177907752622126,-46.85595994725639,-0.8183252551132754,-0.8268521999302882,14.33770876215676,1
11.208333333333334,-0.8225331105332564,-47.12767574332323,-0.8216458871310995,-0.7670214620525024,14.380468080218758,1
11.2125,-0.8249298635736187,-47.264999577071144,-0.8247168631783467,-0.7070197579519182,14.419777025240078,1
11.216666666666667,-0.8275718029377958,-47.41637155236796,-0.8275375008583392,-0.6468614122317348,14.45565991816631,1
11.220833333333333,-0.8302245477541259,-47.56836263446888,-0.8301071771680681,-0.5865606520005111,14.488139412845943,1
11.225,-0.8321339803539659,-47.677765063704406,-0.8324253281368269,-0.5261316147607517,14.517236421465302,1
11.229166666666666,-0.8332423454697788,-47.741269707000015,-0.8344914486271103,-0.46558835339931237,14.542970048316489,1
11.233333333333333,-0.8353610723010736,-47.862663812374336,-0.8363050918578944,-0.40494484496688465,14.565357526293228,1
11.2375,-0.8390109963657653,-48.0717890568244,-0.8378658690941031,-0.34421499995088667,14.584414161927496,1
11.241666666666667,-0.8386305910285029,-48.049993436495015,-0.8391734495039374,-0.28341266807270266,14.600153288883623,1
11.245833333333334,-0.8390678467226859,-48.07504634233976,-0.8402275598209534,-0.22255164763394159,14.612586225325364,1
11.25,-0.8406904300483177,-48.16801351880677,-0.8410279841613574,-0.16164569510603274,14.62172223968958,1
11.254166666666666,-0.8406225039007593,-48.164121637233094,-0.8415745639254745,-0.10070853143007442,14.627568523854178,1
11.258333333333333,-0.8401111603615101,-48.13482381055283,-0.8418671975974127,-0.03975385262025703,14.630130171443133,1
11.2625,-0.8410124855907667,-48.186465942157895,-0.8419058406989499,0.021204662709845445,14.629405668078798,1
11.266666666666666,-0.8414729431096644,-48.21284821463579,-0.841690505902038,0.08215321716687046,14.62534187930479,1
11.270833333333334,-0.8403092520372075,-48.14617362752696,-0.8412212637795786,0.1430778492632249,14.61792184177831,1
11.275,-0.8403718046629063,-48.149757628976964,-0.8404982431495873,0.20396456703207405,14.60714236791527,1
11.279166666666667,-0.8395007718265348,-48.099851123635574,-0.8395216311668633,0.26479936265293874,14.592998255827762,1
11.283333333333333,-0.8385983401692554,-48.04814559837446,-0.8382916733966762,0.32556820280707083,14.57548230964909,1
11.2875,-0.8354443384168669,-47.86743460938574,-0.8368086739509312,0.38625701952278957,14.554585367113296,1
11.291666666666666,-0.835787209385598,-47.887079668811595,-0.8350729956399284,0.4468517029847241,14.530296333725664,1
11.295833333333333,-0.8317478170521463,-47.655639536307305,-0.8330850601594927,0.5073380932361862,14.50260222383599,1
11.3,-0.8304091346092571,-47.5789386822215,-0.8308453483478504,0.5677019717310597,14.471488209031312,1
11.304166666666667,-0.8295755253853703,-47.531176391929606,-0.8283544003856812,0.6279290553724163,14.436937672088261,1
11.308333333333334,-0.8252919816073326,-47.285747412088526,-0.8256128161400991,0.6880049874825245,14.39893226924574,1
11.3125,-0.8244538743199793,-47.23772740174402,-0.8226212554730954,0.7479153313982045,14.357451998258894,1
11.316666666666666,-0.8188345798072678,-46.91576554232463,-0.819380438526834,0.8076455646622372,14.31247527239275,1
11.320833333333333,-0.8151186360022047,-46.70285764538673,-0.8158911462032282,0.867181070673421,14.26397900330388,1
11.325,-0.8126711485896534,-46.56262694623614,-0.8121542205011572,0.9265071339836418,14.211938688105722,1
11.329166666666666,-0.8080627491850593,-46.298585110042296,-0.8081705648889431,0.9856089349828259,14.156328503019658,1
11.333333333333334,-0.80223582082772,-45.96472670764167,-0.8039411448937833,1.0444715427508129,14.097121406058283,1
11.3375,-0.7999083357411582,-45.83137163530203,-0.7994669884826341,1.1030799117448302,14.034289242761458,1
11.341666666666667,-0.7956732576597136,-45.588719535326895,-0.7947491864662893,1.1614188778257093,13.967802858112,1
11.345833333333333,-0.7884958979577499,-45.17748711635709,-0.7897888931967136,1.219473152208844,13.89763221830635,1
11.35,-0.7828746466034953,-44.855413138176104,-0.7845873270201067,1.2772273196646788,13.823746534744418,1
11.354166666666666,-0.7791425455371306,-44.64157949835714,-0.7791457706192215,1.3346658365384612,13.746114391983674,1
11.358333333333333,-0.7725829038255586,-44.26573971316609,-0.7734655718370632,1.3917730256132528,13.664703887858096,1
11.3625,-0.7663774856209739,-43.91019543992974,-0.7675481441990848,1.448533076252153,13.579482774534666,1
11.366666666666667,-0.7620429069112963,-43.66184237389795,-0.7613949671861994,1.5049300443020357,13.490418601086754,1
11.370833333333334,-0.7554310963003691,-43.283013530952005,-0.7550075870650536,1.5609478489721467,13.397478868859377,1
11.375,-0.7473134768846014,-42.81790819873506,-0.748387617531273,1.616570273817207,13.30063118880475,1
11.379166666666666,-0.7400662876522687,-42.40267484238974,-0.7415367400075977,1.671780969396984,13.199843438243132,1
11.383333333333333,-0.7339654979761498,-42.05312534225115,-0.7344567041914749,1.7265634531848395,13.095083925395949,1
11.3875,-0.7279171118196978,-41.70657834262109,-0.727149328955952,1.7809011096190275,12.986321563004319,1
11.391666666666666,-0.7178824647528547,-41.13163541678765,-0.7196165026947293,1.8347771972591107,12.87352603731412,1
11.395833333333334,-0.7123235430489433,-40.81313266450986,-0.7118601835289888,1.8881748508376905,12.756667978401417,1
11.4,-0.7041748631627835,-40.346247698429764,-0.7038824002763201,1.9410770828656243,12.63571914470572,1
11.404166666666667,-0.6953865068214621,-39.84271197121501,-0.6956852529397617,1.9934667909415078,12.51065260302548,1
11.408333333333333,-0.6859146520203726,-39.30001466695185,-0.6872709128426553,2.045326765910457,12.381442905357593,1
11.4125,-0.6778963883953983,-38.84060200221756,-0.6786416230215868,2.096639695184234,12.248066271510135,1
11.416666666666666,-0.6694376607712579,-38.35595260930359,-0.6697996992179703,2.1473881676096416,12.110500782258557,1
11.420833333333333,-0.6603432343800478,-37.83488035999486,-0.6607475298919121,2.197554688354615,11.96872655830914,1
11.425,-0.651449602550791,-37.325312791635234,-0.6514875762628282,2.2471216850539126,11.822725940312578,1
11.429166666666667,-0.6415353043485984,-36.757265347815455,-0.6420223729592899,2.2960715146858655,11.672483678251872,1
11.433333333333334,-0.6345619862094974,-36.35772364924295,-0.632354528610359,2.344386473584601,11.517987119530423,1
11.4375,-0.6227455643499101,-35.68069254774247,-0.622486725512573,2.39204881653306,11.359226381158297,1
11.441666666666666,-0.6122111265488237,-35.07711372219714,-0.6124217196649028,2.4390407616286773,11.196194526537237,1
11.445833333333333,-0.6031667908075935,-34.55891145572533,-0.6021623415327942,2.4853445015960283,11.028887751566073,1
11.45,-0.5913743653062431,-33.8832552442755,-0.5917114959998951,2.530942220434194,10.857305555056051,1
11.454166666666666,-0.5812505966374326,-33.30320602678589,-0.5810721618358435,2.5758161122487464,10.681450897769944,1
11.458333333333334,-0.5687154502241296,-32.58499504172507,-0.5702473917678472,2.619948387633384,10.501330367766098,1
11.4625,-0.5578675944468419,-31.96345868891988,-0.5592403131170326,2.663321289189359,10.316954350358778,1
11.466666666666667,-0.5484606190375403,-31.42447869998355,-0.5480541269947784,2.7059171148140524,10.128337169062979,1
11.470833333333333,-0.5368237384970063,-30.757734558313032,-0.5366921077618556,2.747718232767792,9.93549722523458,1
11.475,-0.5252221345332221,-30.093011615605953,-0.525157603108537,2.7887070932086213,9.738457141935479,1
11.479166666666666,-0.5138481814648661,-29.441332108409284,-0.5134540342170252,2.828866246349206,9.537243902281634,1
11.483333333333333,-0.5014147028863057,-28.728946261191457,-0.5015848942910528,2.868178371217814,9.331888952074289,1
11.4875,-0.4902154741143487,-28.087277718756837,-0.48955374817630254,2.906626285346902,9.122428313453122,1
11.491666666666667,-0.47835088037973217,-27.40748657212595,-0.47736423237132225,2.944192962673847,8.908902696415302,1
11.495833333333334,-0.4644766360940189,-26.612550930621083,-0.4650200541513281,2.9808615573286388,8.691357585684559,1
11.5,-0.4519756218311905,-25.896295573728167,-0.45252499003035956,3.016615428302649,8.469843305962547,1
11.504166666666666,-0.44058478336784934,-25.243648604663434,-0.43988288545626203,3.0514381500867915,8.244415098975676,1
11.508333333333333,-0.4263163094000593,-24.426125266216783,-0.4270976544121803,3.0853135351992544,8.015133187851896,1
11.5125,-0.41472443287537647,-23.76195966471568,-0.41417327733256626,3.1182256631653944,7.782062799996721,1
11.516666666666666,-0.4008928718459948,-22.969469593654487,-0.4011138001937627,3.1501588944158136,7.545274199609947,1
11.520833333333334,-0.38720744877505464,-22.18535261083865,-0.3879233339760101,3.1810978893170145,7.304842714770785,1
11.525,-0.37463538541252794,-21.46502644039482,-0.374606052916322,3.2110276346239877,7.060848730056429,1
11.529166666666667,-0.3607693562867768,-20.670561492883802,-0.36116619259479604,3.239933465326778,6.813377663347892,1
11.533333333333333,-0.34805871912675945,-19.94229562869266,-0.34760804924472244,3.267801078955927,6.562519952331506,1
11.5375,-0.3341074276725367,-19.14294550960876,-0.3339359782349885,3.2946165598706405,6.3083710124056,1
11.541666666666666,-0.3203340376937748,-18.35378839423792,-0.3201543914505176,3.3203664045726926,6.051031160687945,1
11.545833333333333,-0.3069192688621491,-17.585178757042126,-0.306267756348588,3.345037534360813,5.790605558095054,1
11.55,-0.29243485896608457,-16.755283201260106,-0.29228059440714316,3.3686173174802736,5.527204126440338,1
11.554166666666667,-0.279548902570373,-16.016972284796225,-0.2781974781617827,3.3910935938870224,5.260941425431985,1
11.558333333333334,-0.2644516424471173,-15.151962997522514,-0.2640230299460604,3.4124546878095816,4.991936548701082,1
11.5625,-0.25001052090280795,-14.324547681598144,-0.24976192013693077,3.432689427817238,4.720312997128139,1
11.566666666666666,-0.23564242301652424,-13.501316313083247,-0.23541886400862483,3.4517871691342537,4.446198512590506,1
11.570833333333333,-0.22120936650348727,-12.674363089412426,-0.22099862022520717,3.4697378057869463,4.169724930442835,1
11.575,-0.20655988820383064,-11.835009810773615,-0.2065059887714597,3.4865317886581573,3.8910280087453812,1
11.579166666666666,-0.1915274160314588,-10.973712599648852,-0.1919458076845269,3.5021601444719455,3.610247222369013,1
11.583333333333334,-0.1765597913293262,-10.116130874880898,-0.17732295144475219,3.5166144866530087,3.3275255776728225,1
11.5875,-0.1632093555198691,-9.351207248338685,-0.16264232839119558,3.5298870316135216,3.043009397193939,1
11.591666666666667,-0.14895886840345526,-8.534714480562618,-0.14790887757898763,3.541970613171574,2.7568480830538675,1
11.595833333333333,-0.13403692232436912,-7.679749948109195,-0.13312756702708656,3.552858692190794,2.4691938976123367,1
11.6,-0.11872855525048139,-6.802645123538394,-0.11830339049547209,3.5625453704056342,2.180201706248502,1
11.604166666666666,-0.10374847414238303,-5.944349699280701,-0.10344136485719026,3.571025399699619,1.890028723376763,1
11.608333333333333,-0.08921847612986163,-5.11184213682975,-0.08854652780073413,3.5782941909445167,1.5988342572512901,1
11.6125,-0.07475500954436783,-4.283146544352464,-0.07362393438031149,3.5843478234147716,1.3067794253760752,1
11.616666666666667,-0.05907669536191825,-3.384845311818001,-0.05867865485060097,3.589183050427353,1.014026889132798,1
11.620833333333334,-0.04355744688044825,-2.495657872614958,-0.043715771474035936,3.592797306037283,0.7207405631425469,1
11.625,-0.028221114567715044,-1.6169507578852367,-0.02874037573397573,3.595188709378247,0.4270853284358008,1
11.629166666666666,-0.014244009038258072,-0.8161216012383863,-0.013757565658095102,3.596356067991516,0.13322674454900452,1
11.633333333333333,0.000867148768380637,0.04968396463817787,0.0012275573583790805,3.5962988802681584,-0.16066925047676123,1
11.6375,0.015401194319682883,0.8824234339786864,0.016209891152785327,3.595017336211771,-0.454436630071395,1
11.641666666666666,0.031156900000672255,1.785158872749672,0.03118433585252902,3.5925123173064812,-0.7479095784223573,1
11.645833333333334,0.045405403031312526,2.6015379607847224,0.046145796688053936,3.588785394949235,-1.0409227842987838,1
11.65,0.061589335195745144,3.5288089697327347,0.06108918682695444,3.583838827849157,-1.3333117336697875,1
11.654166666666667,0.07445096785079884,4.265726238514951,0.07600943036506339,3.577675557880695,-1.6249130027783973,1
11.658333333333333,0.09058762884973035,5.190288809187085,0.09090146494333856,3.5702992053173945,-1.915564540368232,1
11.6625,0.10602301056001058,6.074671036359565,0.10576024483646981,3.561714061952299,-2.205105954603352,1
11.666666666666666,0.12074116932740604,6.917959415934795,0.12058074344797409,3.5519250843894343,-2.493378783064677,1
11.670833333333333,0.1377080715118105,7.8900913025124675,0.1353579562966352,3.5409378845161417,-2.78022676598265,1
11.675,0.15039216174869635,8.61683614004912,0.15008690364108299,3.528758720626771,-3.065496105383625,1
11.679166666666667,0.1638864300719115,9.390000762586427,0.16476263300114538,3.5153944862149156,-3.349035714265373,1
11.683333333333334,0.17929691391543645,10.272956447074948,0.17938022218691854,3.500852697840287,-3.63069746693775,1
11.6875,0.19238471392502696,11.022832150735763,0.1939347812673003,3.485141483639498,-3.910336419525049,1
11.691666666666666,0.2083511191826499,11.937639785993046,0.2084214557327254,3.4682695672748927,-4.187811043314428,1
11.695833333333333,0.2221084499683057,12.72587677737652,0.22283542852072294,3.450246255817997,-4.462983425731548,1
11.7,0.23797075109194166,13.634719685126484,0.2371719223794785,3.43108142285314,-4.735719466467924,1
11.704166666666666,0.2509466383531032,14.37818326062861,0.2514262027113035,3.410785491471524,-5.0058890710620725,1
11.708333333333334,0.26549168159797515,15.211552851395039,0.2655935790822118,3.389369420114807,-5.273366307062107,1
11.7125,0.2791147791390353,15.992098844392837,0.27966940798500406,3.3668446810164148,-5.5380295712391225,1
11.716666666666667,0.29516652897495865,16.911796363791055,0.2936490949103289,3.343223244472453,-5.799761731066281,1
11.720833333333333,0.30724775861088227,17.603999833257852,0.30752809580923085,3.318517560843405,-6.058450241646264,1
11.725,0.32290112754999095,18.500871808629952,0.3213019198430247,3.292740536787461,-6.313987273315454,1
11.729166666666666,0.3356766123283431,19.23285316766316,0.33496613088534927,3.265905519993918,-6.566269802814007,1
11.733333333333333,0.348937031466539,19.992619218856287,0.3485163488862232,3.23802627859494,-6.815199688361212,1
11.7375,0.3622700328269928,20.756543925052476,0.36194825245289625,3.209116975819014,-7.060683753583358,1
11.741666666666667,0.3756012329321636,21.52036542692312,0.375257579960197,3.1791921550841717,-7.302633831277399,1
11.745833333333334,0.386757919031537,22.15959645376949,0.38844013070203665,3.1482667180694026,-7.54096679453712,1
11.75,0.4012483955606377,22.989839602020336,0.40149176723349106,3.1163558981278925,-7.775604596238468,1
11.754166666666666,0.41514595570833823,23.786111144012786,0.41440841624350616,3.083475245911438,-8.006474269340506,1
11.758333333333333,0.4271433985242283,24.473513982312838,0.427186069366557,3.0496406073452773,-8.233507913339606,1
11.7625,0.4385945257740218,25.129615244393257,0.43982078524613766,3.014868096061763,-8.45664269062222,1
11.766666666666666,0.45226295880113443,25.912758769404032,0.4523086903113982,2.9791740795997295,-8.675820788297656,1
11.770833333333334,0.4661330918046101,26.7074588517883,0.4646459792016073,2.942575158275958,-8.890989362100514,1
11.775,0.4779170346886162,27.38262904506507,0.4768289163960201,2.9050881381583653,-9.102100490248873,1
11.779166666666667,0.4887997283887318,28.006161463815303,0.4888538370943755,2.8667300157380917,-9.309111103784153,1
11.783333333333333,0.5015474434299584,28.736551734113025,0.5007171473024392,2.8275179599986795,-9.511982892891833,1
11.7875,0.5120954870701483,29.340910116815717,0.5124153247820031,2.787469287878521,-9.710682218473144,1
11.791666666666666,0.5224580116913975,29.934639042713698,0.5239449201524629,2.746601444344431,-9.905180017238349,1
11.795833333333333,0.5344958081149898,30.62435397242321,0.5353025568807679,2.704931989461955,-10.095451679499504,1
11.8,0.5478488090939092,31.389424572349352,0.5464849313512639,2.66247857845194,-10.281476920358111,1
11.804166666666667,0.5572497099527224,31.92805651518026,0.5574888140230028,2.61925893664662,-10.463239661650213,1
11.808333333333334,0.5680986570037383,32.54965539336437,0.5683110495930733,2.575290850717447,-10.64072789092676,1
11.8125,0.5786868983442932,33.15631693464411,0.5789485565317051,2.5305921515274656,-10.813933503653631,1
11.816666666666666,0.5910600002388882,33.86524345268972,0.5893983275941009,2.485180693575247,-10.982852156109281,1
11.820833333333333,0.6010763471691503,34.43913785793256,0.5996574303403891,2.4390743395899572,-11.147483113479202,1
11.825,0.6116592578192854,35.045493973149355,0.6097230067966936,2.3922909510298944,-11.307829079782609,1
11.829166666666666,0.6194534797678518,35.49206999539044,0.6195922728969022,2.3448483734328875,-11.463896020580359,1
11.833333333333334,0.6295205000637127,36.06886777061581,0.6292625190298047,2.2967644161700425,-11.61569300018652,1
11.8375,0.6374075897834867,36.52076472419988,0.6387311100866483,2.2480568457266084,-11.763232008627162,1
11.841666666666667,0.6492843530780626,37.20125313525497,0.6479954846494718,2.1987433749745997,-11.906527772867715,1
11.845833333333333,0.656034074756056,37.58798370029195,0.6570531546614103,2.148841650643243,-12.045597574418696,1
11.85,0.6660908780179473,38.16419608259172,0.6659017056516711,2.098369238504613,-12.18046107456167,1
11.854166666666666,0.6735812194279783,38.59336103249857,0.6745387965278608,2.0473436197206873,-12.311140132705594,1
11.858333333333333,0.6824482751826347,39.10140590394757,0.6829621584317528,1.9957821817844026,-12.437658610310617,1
11.8625,0.6904389452994065,39.5592375771199,0.69116959460566,1.9437022081030322,-12.560042191117049,1
11.866666666666667,0.6986285091031925,40.028465019129946,0.6991589803402031,1.8911208694117747,-12.678318203562934,1
11.870833333333334,0.7064577891555922,40.47704972275841,0.7069282624677022,1.83805522089341,-12.79251543791593,1
11.875,0.7139970034156663,40.909014880705506,0.7144754581985355,1.7845221966854585,-12.902663955504183,1
11.879166666666666,0.7225258760303078,41.39768328552917,0.7217986550038533,1.7305386017722642,-13.008794915947737,1
11.883333333333333,0.7279318357609544,41.7074219623129,0.7288960104370406,1.6761211083706744,-13.110940406111862,1
11.8875,0.7359582099396649,42.16729932754579,0.7357657512377429,1.6212862543754387,-13.209133261532145,1
11.891666666666666,0.7434690423268169,42.59763832395977,0.7424061724586903,1.5660504408063465,-13.303406891669374,1
11.895833333333334,0.7483677889153071,42.878315828384366,0.7488156372288083,1.5104299271893145,-13.393795118042691,1
11.9,0.7543660740725862,43.221992252212424,0.7549925764928768,1.4544408308909869,-13.480332015927194,1
11.904166666666667,0.7607343171320139,43.58686570243111,0.7609354878178299,1.3980991282214756,-13.563051746891997,1
11.908333333333333,0.7676724393498712,43.984390823260284,0.7666429348921376,1.341420653719642,-13.64198840579166,1
11.9125,0.7722829381072697,44.24855294350952,0.7721135472441005,1.284421099188177,-13.717175875431467,1
11.916666666666666,0.7768824477403946,44.51208543331735,0.7773460196641226,1.2271160155071739,-13.788647681904413,1
11.920833333333333,0.782761373218094,44.84892305126146,0.7823391111812562,1.1695208161202995,-13.856436848818365,1
11.925,0.7861297133708294,45.04191472597764,0.787091644737506,1.1116507782829301,-13.920575766492453,1
11.929166666666667,0.7921971052548057,45.38955067358142,0.7916025069124554,1.0535210443265508,-13.981096067096187,1
11.933333333333334,0.7962272241130138,45.62045947509282,0.7958706469696586,0.9951466272776813,-14.038028495996587,1
11.9375,0.7996264627839598,45.81522150449569,0.7998950763483049,0.9365424150383387,-14.09140279489153,1
11.941666666666666,0.8029430642373839,46.00524877010385,0.8036748683995524,0.8777231730188805,-14.141247593919559,1
11.945833333333333,0.806435382731359,46.2053438805241,0.8072091578067823,0.8187035491802829,-14.187590305273606,1
11.95,0.8109638560678684,46.46480629034362,0.8104971398970693,0.7594980811519987,-14.230457021309691,1
11.954166666666666,0.8146105582008522,46.67374693170494,0.8135380703902897,0.7001212008984972,-14.269872424485962,1
11.958333333333334,0.8157751091226769,46.740470784553565,0.8163312650493829,0.6405872391304728,-14.305859701923422,1
11.9625,0.8192761168786064,46.941063753010894,0.8188760990173896,0.5809104342743702,-14.338440461939612,1
11.966666666666667,0.8193507319367418,46.94533888093018,0.8211720065893762,0.5211049387879205,-14.367634662480025,1
11.970833333333333,0.8227083057513828,47.137713689912744,0.823218480964658,0.46118482385634363,-14.393460545356035,1
11.975,0.82498796969002,47.26832881230483,0.8250150737220576,0.4011640892706739,-14.415934573085883,1
11.979166666666666,0.8257675461039706,47.31299525063214,0.8265613946428269,0.341056670695203,-14.435071376513832,1
11.983333333333333,0.8270398555301812,47.38589321098872,0.8278571115154809,0.2808764452573319,-14.450883708350155,1
11.9875,0.8283192021836691,47.45919437476776,0.8289019497805635,0.22063724180600294,-14.463382400927667,1
11.991666666666667,0.8299506786878539,47.552671092832306,0.8296956924298698,0.16035284846166425,-14.472576333516658,1
11.995833333333334,0.8300747044450588,47.559777245271064,0.8302381798528449,0.10003701941711762,-14.478472405170958,1
12.0,0.8285760844462197,47.47391264424368,0.8305293096683444,0.03970348520997832,-14.481075513714867,1
